periode_data,wilayah,kecamatan,kelurahan,jenis_kelamin,jumlah,keterangan
2023,KOTA ADM. JAKARTA BARAT,GROGOL PETAMBURAN,JELAMBAR,Laki-Laki,130,MATI TAHUN INI
2023,KOTA ADM. JAKARTA BARAT,GROGOL PETAMBURAN,TANJUNG DUREN SELATAN,Laki-Laki,87,MATI TAHUN INI
2023,KOTA ADM. JAKARTA BARAT,GROGOL PETAMBURAN,JELAMBAR BARU,Laki-Laki,150,MATI TAHUN INI
2023,KOTA ADM. JAKARTA BARAT,GROGOL PETAMBURAN,WIJAYA KUSUMA,Laki-Laki,134,MATI TAHUN INI
2023,KOTA ADM. JAKARTA BARAT,TAMAN SARI,TAMAN SARI,Laki-Laki,63,MATI TAHUN INI
2023,KOTA ADM. JAKARTA BARAT,TAMAN SARI,KRUKUT,Laki-Laki,85,MATI TAHUN INI
2023,KOTA ADM. JAKARTA BARAT,TAMAN SARI,MAPHAR,Laki-Laki,74,MATI TAHUN INI
2023,KOTA ADM. JAKARTA BARAT,TAMAN SARI,TANGKI,Laki-Laki,70,MATI TAHUN INI
2023,KOTA ADM. JAKARTA BARAT,TAMAN SARI,MANGGA BESAR,Laki-Laki,44,MATI TAHUN INI
2023,KOTA ADM. JAKARTA BARAT,TAMAN SARI,KEAGUNGAN,Laki-Laki,59,MATI TAHUN INI
2023,KOTA ADM. JAKARTA BARAT,TAMAN SARI,GLODOK,Laki-Laki,36,MATI TAHUN INI
2023,KOTA ADM. JAKARTA BARAT,TAMAN SARI,PINANGSIA,Laki-Laki,47,MATI TAHUN INI
2023,KOTA ADM. JAKARTA BARAT,TAMBORA,TAMBORA,Laki-Laki,46,MATI TAHUN INI
2023,KOTA ADM. JAKARTA BARAT,TAMBORA,KALI ANYAR,Laki-Laki,102,MATI TAHUN INI
2023,KOTA ADM. JAKARTA BARAT,TAMBORA,DURI UTARA,Laki-Laki,66,MATI TAHUN INI
2023,KOTA ADM. JAKARTA BARAT,TAMBORA,TANAH SEREAL,Laki-Laki,107,MATI TAHUN INI
2023,KOTA ADM. JAKARTA BARAT,TAMBORA,KRENDANG,Laki-Laki,59,MATI TAHUN INI
2023,KOTA ADM. JAKARTA BARAT,TAMBORA,JEMBATAN BESI,Laki-Laki,78,MATI TAHUN INI
2023,KOTA ADM. JAKARTA BARAT,TAMBORA,ANGKE,Laki-Laki,106,MATI TAHUN INI
2023,KOTA ADM. JAKARTA BARAT,TAMBORA,JEMBATAN LIMA,Laki-Laki,79,MATI TAHUN INI
2023,KOTA ADM. JAKARTA BARAT,TAMBORA,PEKOJAN,Laki-Laki,114,MATI TAHUN INI
2023,KOTA ADM. JAKARTA BARAT,TAMBORA,ROA MALAKA,Laki-Laki,16,MATI TAHUN INI
2023,KOTA ADM. JAKARTA BARAT,TAMBORA,DURI SELATAN,Laki-Laki,60,MATI TAHUN INI
2023,KOTA ADM. JAKARTA BARAT,KEBON JERUK,KEBON JERUK,Laki-Laki,178,MATI TAHUN INI
2023,KOTA ADM. JAKARTA BARAT,KEBON JERUK,SUKABUMI UTARA,Laki-Laki,139,MATI TAHUN INI
2023,KOTA ADM. JAKARTA BARAT,KEBON JERUK,SUKABUMI SELATAN,Laki-Laki,153,MATI TAHUN INI
2023,KOTA ADM. JAKARTA BARAT,KEBON JERUK,KELAPA DUA,Laki-Laki,84,MATI TAHUN INI
2023,KOTA ADM. JAKARTA BARAT,KEBON JERUK,DURI KEPA,Laki-Laki,206,MATI TAHUN INI
2023,KOTA ADM. JAKARTA BARAT,KEBON JERUK,KEDOYA UTARA,Laki-Laki,149,MATI TAHUN INI
2023,KOTA ADM. JAKARTA BARAT,KEBON JERUK,KEDOYA SELATAN,Laki-Laki,111,MATI TAHUN INI
2023,KOTA ADM. JAKARTA BARAT,KALIDERES,KALIDERES,Laki-Laki,224,MATI TAHUN INI
2023,KOTA ADM. JAKARTA BARAT,KALIDERES,SEMANAN,Laki-Laki,248,MATI TAHUN INI
2023,KOTA ADM. JAKARTA BARAT,KALIDERES,TEGAL ALUR,Laki-Laki,275,MATI TAHUN INI
2023,KOTA ADM. JAKARTA BARAT,KALIDERES,KAMAL,Laki-Laki,137,MATI TAHUN INI
2023,KOTA ADM. JAKARTA BARAT,KALIDERES,PEGADUNGAN,Laki-Laki,203,MATI TAHUN INI
2023,KOTA ADM. JAKARTA BARAT,PAL MERAH,PALMERAH,Laki-Laki,240,MATI TAHUN INI
2023,KOTA ADM. JAKARTA BARAT,PAL MERAH,SLIPI,Laki-Laki,72,MATI TAHUN INI
2023,KOTA ADM. JAKARTA BARAT,PAL MERAH,KOTA BAMBU UTARA,Laki-Laki,124,MATI TAHUN INI
2023,KOTA ADM. JAKARTA BARAT,PAL MERAH,JATIPULO,Laki-Laki,118,MATI TAHUN INI
2023,KOTA ADM. JAKARTA BARAT,PAL MERAH,KEMANGGISAN,Laki-Laki,142,MATI TAHUN INI
2023,KOTA ADM. JAKARTA BARAT,PAL MERAH,KOTA BAMBU SELATAN,Laki-Laki,100,MATI TAHUN INI
2023,KOTA ADM. JAKARTA BARAT,KEMBANGAN,KEMBANGAN UTARA,Laki-Laki,143,MATI TAHUN INI
2023,KOTA ADM. JAKARTA BARAT,KEMBANGAN,MERUYA UTARA,Laki-Laki,130,MATI TAHUN INI
2023,KOTA ADM. JAKARTA BARAT,KEMBANGAN,MERUYA SELATAN,Laki-Laki,99,MATI TAHUN INI
2023,KOTA ADM. JAKARTA BARAT,KEMBANGAN,SRENGSENG,Laki-Laki,159,MATI TAHUN INI
2023,KOTA ADM. JAKARTA BARAT,KEMBANGAN,JOGLO,Laki-Laki,159,MATI TAHUN INI
2023,KOTA ADM. JAKARTA BARAT,KEMBANGAN,KEMBANGAN SELATAN,Laki-Laki,77,MATI TAHUN INI
2023,KOTA ADM. JAKARTA SELATAN,TEBET,TEBET TIMUR,Laki-Laki,64,MATI TAHUN INI
2023,KOTA ADM. JAKARTA SELATAN,TEBET,TEBET BARAT,Laki-Laki,81,MATI TAHUN INI
2023,KOTA ADM. JAKARTA SELATAN,TEBET,MENTENG DALAM,Laki-Laki,113,MATI TAHUN INI
2023,KOTA ADM. JAKARTA SELATAN,TEBET,KEBON BARU,Laki-Laki,161,MATI TAHUN INI
2023,KOTA ADM. JAKARTA SELATAN,TEBET,BUKIT DURI,Laki-Laki,155,MATI TAHUN INI
2023,KOTA ADM. JAKARTA SELATAN,TEBET,MANGGARAI SELATAN,Laki-Laki,102,MATI TAHUN INI
2023,KOTA ADM. JAKARTA SELATAN,TEBET,MANGGARAI,Laki-Laki,143,MATI TAHUN INI
2023,KOTA ADM. JAKARTA SELATAN,SETIABUDI,SETIA BUDI,Laki-Laki,4,MATI TAHUN INI
2023,KOTA ADM. JAKARTA SELATAN,SETIABUDI,KARET SEMANGGI,Laki-Laki,9,MATI TAHUN INI
2023,KOTA ADM. JAKARTA SELATAN,SETIABUDI,KARET KUNINGAN,Laki-Laki,70,MATI TAHUN INI
2023,KOTA ADM. JAKARTA SELATAN,SETIABUDI,KARET,Laki-Laki,31,MATI TAHUN INI
2023,KOTA ADM. JAKARTA SELATAN,SETIABUDI,MENTENG ATAS,Laki-Laki,129,MATI TAHUN INI
2023,KOTA ADM. JAKARTA SELATAN,SETIABUDI,PASAR MANGGIS,Laki-Laki,123,MATI TAHUN INI
2023,KOTA ADM. JAKARTA SELATAN,SETIABUDI,GUNTUR,Laki-Laki,18,MATI TAHUN INI
2023,KOTA ADM. JAKARTA SELATAN,SETIABUDI,KUNINGAN TIMUR,Laki-Laki,28,MATI TAHUN INI
2023,KOTA ADM. JAKARTA SELATAN,MAMPANG PRAPATAN,MAMPANG PRAPATAN,Laki-Laki,52,MATI TAHUN INI
2023,KOTA ADM. JAKARTA SELATAN,MAMPANG PRAPATAN,BANGKA,Laki-Laki,67,MATI TAHUN INI
2023,KOTA ADM. JAKARTA SELATAN,MAMPANG PRAPATAN,PELA MAMPANG,Laki-Laki,152,MATI TAHUN INI
2023,KOTA ADM. JAKARTA SELATAN,MAMPANG PRAPATAN,TEGAL PARANG,Laki-Laki,93,MATI TAHUN INI
2023,KOTA ADM. JAKARTA SELATAN,MAMPANG PRAPATAN,KUNINGAN BARAT,Laki-Laki,49,MATI TAHUN INI
2023,KOTA ADM. JAKARTA SELATAN,PASAR MINGGU,PASAR MINGGU,Laki-Laki,100,MATI TAHUN INI
2023,KOTA ADM. JAKARTA SELATAN,PASAR MINGGU,JATI PADANG,Laki-Laki,140,MATI TAHUN INI
2023,KOTA ADM. JAKARTA SELATAN,PASAR MINGGU,CILANDAK TIMUR,Laki-Laki,70,MATI TAHUN INI
2023,KOTA ADM. JAKARTA SELATAN,PASAR MINGGU,RAGUNAN,Laki-Laki,142,MATI TAHUN INI
2023,KOTA ADM. JAKARTA SELATAN,PASAR MINGGU,PEJATEN TIMUR,Laki-Laki,197,MATI TAHUN INI
2023,KOTA ADM. JAKARTA SELATAN,PASAR MINGGU,PEJATEN BARAT,Laki-Laki,128,MATI TAHUN INI
2023,KOTA ADM. JAKARTA SELATAN,PASAR MINGGU,KEBAGUSAN,Laki-Laki,141,MATI TAHUN INI
2023,KOTA ADM. JAKARTA SELATAN,KEBAYORAN LAMA,KEBAYORAN LAMA UTARA,Laki-Laki,134,MATI TAHUN INI
2023,KOTA ADM. JAKARTA SELATAN,KEBAYORAN LAMA,PONDOK PINANG,Laki-Laki,207,MATI TAHUN INI
2023,KOTA ADM. JAKARTA SELATAN,KEBAYORAN LAMA,CIPULIR,Laki-Laki,134,MATI TAHUN INI
2023,KOTA ADM. JAKARTA SELATAN,KEBAYORAN LAMA,GROGOL UTARA,Laki-Laki,165,MATI TAHUN INI
2023,KOTA ADM. JAKARTA SELATAN,KEBAYORAN LAMA,GROGOL SELATAN,Laki-Laki,160,MATI TAHUN INI
2023,KOTA ADM. JAKARTA SELATAN,KEBAYORAN LAMA,KEBAYORAN LAMA SELATAN,Laki-Laki,154,MATI TAHUN INI
2023,KOTA ADM. JAKARTA SELATAN,CILANDAK,CILANDAK BARAT,Laki-Laki,183,MATI TAHUN INI
2023,KOTA ADM. JAKARTA SELATAN,CILANDAK,LEBAK BULUS,Laki-Laki,132,MATI TAHUN INI
2023,KOTA ADM. JAKARTA SELATAN,CILANDAK,PONDOK LABU,Laki-Laki,166,MATI TAHUN INI
2023,KOTA ADM. JAKARTA SELATAN,CILANDAK,GANDARIA SELATAN,Laki-Laki,73,MATI TAHUN INI
2023,KOTA ADM. JAKARTA SELATAN,CILANDAK,CIPETE SELATAN,Laki-Laki,85,MATI TAHUN INI
2023,KOTA ADM. JAKARTA SELATAN,KEBAYORAN BARU,MELAWAI,Laki-Laki,14,MATI TAHUN INI
2023,KOTA ADM. JAKARTA SELATAN,KEBAYORAN BARU,GUNUNG,Laki-Laki,28,MATI TAHUN INI
2023,KOTA ADM. JAKARTA SELATAN,KEBAYORAN BARU,KRAMAT PELA,Laki-Laki,46,MATI TAHUN INI
2023,KOTA ADM. JAKARTA SELATAN,KEBAYORAN BARU,SELONG,Laki-Laki,9,MATI TAHUN INI
2023,KOTA ADM. JAKARTA SELATAN,KEBAYORAN BARU,RAWA BARAT,Laki-Laki,39,MATI TAHUN INI
2023,KOTA ADM. JAKARTA SELATAN,KEBAYORAN BARU,SENAYAN,Laki-Laki,12,MATI TAHUN INI
2023,KOTA ADM. JAKARTA SELATAN,KEBAYORAN BARU,PULO,Laki-Laki,18,MATI TAHUN INI
2023,KOTA ADM. JAKARTA SELATAN,KEBAYORAN BARU,PETOGOGAN,Laki-Laki,54,MATI TAHUN INI
2023,KOTA ADM. JAKARTA SELATAN,KEBAYORAN BARU,GANDARIA UTARA,Laki-Laki,143,MATI TAHUN INI
2023,KOTA ADM. JAKARTA SELATAN,KEBAYORAN BARU,CIPETE UTARA,Laki-Laki,131,MATI TAHUN INI
2023,KOTA ADM. JAKARTA SELATAN,PANCORAN,PANCORAN,Laki-Laki,88,MATI TAHUN INI
2023,KOTA ADM. JAKARTA SELATAN,PANCORAN,KALIBATA,Laki-Laki,126,MATI TAHUN INI
2023,KOTA ADM. JAKARTA SELATAN,PANCORAN,RAWAJATI,Laki-Laki,74,MATI TAHUN INI
2023,KOTA ADM. JAKARTA SELATAN,PANCORAN,DUREN TIGA,Laki-Laki,103,MATI TAHUN INI
2023,KOTA ADM. JAKARTA SELATAN,PANCORAN,PENGADEGAN,Laki-Laki,85,MATI TAHUN INI
2023,KOTA ADM. JAKARTA SELATAN,PANCORAN,CIKOKO,Laki-Laki,38,MATI TAHUN INI
2023,KOTA ADM. JAKARTA SELATAN,JAGAKARSA,JAGAKARSA,Laki-Laki,235,MATI TAHUN INI
2023,KOTA ADM. JAKARTA SELATAN,JAGAKARSA,SRENGSENG SAWAH,Laki-Laki,217,MATI TAHUN INI
2023,KOTA ADM. JAKARTA SELATAN,JAGAKARSA,CIGANJUR,Laki-Laki,144,MATI TAHUN INI
2023,KOTA ADM. JAKARTA SELATAN,JAGAKARSA,LENTENG AGUNG,Laki-Laki,196,MATI TAHUN INI
2023,KOTA ADM. JAKARTA SELATAN,JAGAKARSA,TANJUNG BARAT,Laki-Laki,157,MATI TAHUN INI
2023,KOTA ADM. JAKARTA SELATAN,JAGAKARSA,CIPEDAK,Laki-Laki,133,MATI TAHUN INI
2023,KOTA ADM. JAKARTA SELATAN,PESANGGRAHAN,PESANGGRAHAN,Laki-Laki,80,MATI TAHUN INI
2023,KOTA ADM. JAKARTA SELATAN,PESANGGRAHAN,BINTARO,Laki-Laki,196,MATI TAHUN INI
2023,KOTA ADM. JAKARTA SELATAN,PESANGGRAHAN,PETUKANGAN UTARA,Laki-Laki,175,MATI TAHUN INI
2023,KOTA ADM. JAKARTA SELATAN,PESANGGRAHAN,PETUKANGAN SELATAN,Laki-Laki,124,MATI TAHUN INI
2023,KOTA ADM. JAKARTA SELATAN,PESANGGRAHAN,ULUJAMI,Laki-Laki,143,MATI TAHUN INI
2023,KOTA ADM. JAKARTA TIMUR,MATRAMAN,PISANGAN BARU,Laki-Laki,178,MATI TAHUN INI
2023,KOTA ADM. JAKARTA TIMUR,MATRAMAN,UTAN KAYU UTARA,Laki-Laki,140,MATI TAHUN INI
2023,KOTA ADM. JAKARTA TIMUR,MATRAMAN,KAYU MANIS,Laki-Laki,107,MATI TAHUN INI
2023,KOTA ADM. JAKARTA TIMUR,MATRAMAN,PALMERIAM,Laki-Laki,85,MATI TAHUN INI
2023,KOTA ADM. JAKARTA TIMUR,MATRAMAN,KEBON MANGGIS,Laki-Laki,68,MATI TAHUN INI
2023,KOTA ADM. JAKARTA TIMUR,MATRAMAN,UTAN KAYU SELATAN,Laki-Laki,169,MATI TAHUN INI
2023,KOTA ADM. JAKARTA TIMUR,PULOGADUNG,PULO GADUNG,Laki-Laki,98,MATI TAHUN INI
2023,KOTA ADM. JAKARTA TIMUR,PULOGADUNG,PISANGAN TIMUR,Laki-Laki,194,MATI TAHUN INI
2023,KOTA ADM. JAKARTA TIMUR,PULOGADUNG,CIPINANG,Laki-Laki,153,MATI TAHUN INI
2023,KOTA ADM. JAKARTA TIMUR,PULOGADUNG,JATINEGARA KAUM,Laki-Laki,111,MATI TAHUN INI
2023,KOTA ADM. JAKARTA TIMUR,PULOGADUNG,RAWAMANGUN,Laki-Laki,159,MATI TAHUN INI
2023,KOTA ADM. JAKARTA TIMUR,PULOGADUNG,KAYU PUTIH,Laki-Laki,189,MATI TAHUN INI
2023,KOTA ADM. JAKARTA TIMUR,PULOGADUNG,JATI,Laki-Laki,157,MATI TAHUN INI
2023,KOTA ADM. JAKARTA TIMUR,JATINEGARA,KAMPUNG MELAYU,Laki-Laki,124,MATI TAHUN INI
2023,KOTA ADM. JAKARTA TIMUR,JATINEGARA,BIDARA CINA,Laki-Laki,167,MATI TAHUN INI
2023,KOTA ADM. JAKARTA TIMUR,JATINEGARA,BALI MESTER,Laki-Laki,51,MATI TAHUN INI
2023,KOTA ADM. JAKARTA TIMUR,JATINEGARA,RAWA BUNGA,Laki-Laki,98,MATI TAHUN INI
2023,KOTA ADM. JAKARTA TIMUR,JATINEGARA,CIPINANG CEMPEDAK,Laki-Laki,161,MATI TAHUN INI
2023,KOTA ADM. JAKARTA TIMUR,JATINEGARA,CIPINANG MUARA,Laki-Laki,223,MATI TAHUN INI
2023,KOTA ADM. JAKARTA TIMUR,JATINEGARA,CIPINANG BESAR SELATAN,Laki-Laki,146,MATI TAHUN INI
2023,KOTA ADM. JAKARTA TIMUR,JATINEGARA,CIPINANG BESAR UTARA,Laki-Laki,220,MATI TAHUN INI
2023,KOTA ADM. JAKARTA TIMUR,KRAMATJATI,KRAMATJATI,Laki-Laki,144,MATI TAHUN INI
2023,KAB. ADM. KEP. SERIBU,KEPULAUAN SERIBU UTARA,PULAU PANGGANG,Laki-Laki,21,MATI TAHUN INI
2023,KAB. ADM. KEP. SERIBU,KEPULAUAN SERIBU UTARA,PULAU KELAPA,Laki-Laki,19,MATI TAHUN INI
2023,KAB. ADM. KEP. SERIBU,KEPULAUAN SERIBU UTARA,PULAU HARAPAN,Laki-Laki,1,MATI TAHUN INI
2023,KAB. ADM. KEP. SERIBU,KEPULAUAN SERIBU SELATAN.,PULAU UNTUNG JAWA,Laki-Laki,6,MATI TAHUN INI
2023,KAB. ADM. KEP. SERIBU,KEPULAUAN SERIBU SELATAN.,PULAU TIDUNG,Laki-Laki,26,MATI TAHUN INI
2023,KAB. ADM. KEP. SERIBU,KEPULAUAN SERIBU SELATAN.,PULAU PARI,Laki-Laki,10,MATI TAHUN INI
2023,KOTA ADM. JAKARTA PUSAT,GAMBIR,GAMBIR,Laki-Laki,12,MATI TAHUN INI
2023,KOTA ADM. JAKARTA PUSAT,GAMBIR,CIDENG,Laki-Laki,84,MATI TAHUN INI
2023,KOTA ADM. JAKARTA PUSAT,GAMBIR,PETOJO UTARA,Laki-Laki,87,MATI TAHUN INI
2023,KOTA ADM. JAKARTA PUSAT,GAMBIR,PETOJO SELATAN,Laki-Laki,54,MATI TAHUN INI
2023,KOTA ADM. JAKARTA PUSAT,GAMBIR,KEBON KELAPA,Laki-Laki,44,MATI TAHUN INI
2023,KOTA ADM. JAKARTA PUSAT,GAMBIR,DURI PULO,Laki-Laki,98,MATI TAHUN INI
2023,KOTA ADM. JAKARTA PUSAT,SAWAH BESAR,PASAR BARU,Laki-Laki,60,MATI TAHUN INI
2023,KOTA ADM. JAKARTA PUSAT,SAWAH BESAR,KARANG ANYAR,Laki-Laki,117,MATI TAHUN INI
2023,KOTA ADM. JAKARTA PUSAT,SAWAH BESAR,KARTINI,Laki-Laki,96,MATI TAHUN INI
2023,KOTA ADM. JAKARTA PUSAT,SAWAH BESAR,GUNUNG SAHARI UTARA,Laki-Laki,65,MATI TAHUN INI
2023,KOTA ADM. JAKARTA PUSAT,SAWAH BESAR,MANGGA DUA SELATAN,Laki-Laki,127,MATI TAHUN INI
2023,KOTA ADM. JAKARTA PUSAT,KEMAYORAN,KEMAYORAN,Laki-Laki,107,MATI TAHUN INI
2023,KOTA ADM. JAKARTA PUSAT,KEMAYORAN,KEBON KOSONG,Laki-Laki,131,MATI TAHUN INI
2023,KOTA ADM. JAKARTA PUSAT,KEMAYORAN,HARAPAN MULIA,Laki-Laki,104,MATI TAHUN INI
2023,KOTA ADM. JAKARTA PUSAT,KEMAYORAN,SERDANG,Laki-Laki,126,MATI TAHUN INI
2023,KOTA ADM. JAKARTA PUSAT,KEMAYORAN,GUNUNG SAHARI SELATAN,Laki-Laki,96,MATI TAHUN INI
2023,KOTA ADM. JAKARTA PUSAT,KEMAYORAN,CEMPAKA BARU,Laki-Laki,141,MATI TAHUN INI
2023,KOTA ADM. JAKARTA PUSAT,KEMAYORAN,SUMUR BATU,Laki-Laki,108,MATI TAHUN INI
2023,KOTA ADM. JAKARTA PUSAT,KEMAYORAN,UTAN PANJANG,Laki-Laki,117,MATI TAHUN INI
2023,KOTA ADM. JAKARTA PUSAT,SENEN,SENEN,Laki-Laki,29,MATI TAHUN INI
2023,KOTA ADM. JAKARTA PUSAT,SENEN,KENARI,Laki-Laki,41,MATI TAHUN INI
2023,KOTA ADM. JAKARTA PUSAT,SENEN,PASEBAN,Laki-Laki,129,MATI TAHUN INI
2023,KOTA ADM. JAKARTA PUSAT,SENEN,KRAMAT,Laki-Laki,138,MATI TAHUN INI
2023,KOTA ADM. JAKARTA PUSAT,SENEN,KWITANG,Laki-Laki,74,MATI TAHUN INI
2023,KOTA ADM. JAKARTA PUSAT,SENEN,BUNGUR,Laki-Laki,78,MATI TAHUN INI
2023,KOTA ADM. JAKARTA PUSAT,CEMPAKA PUTIH,CEMPAKA PUTIH TIMUR,Laki-Laki,84,MATI TAHUN INI
2023,KOTA ADM. JAKARTA PUSAT,CEMPAKA PUTIH,CEMPAKA PUTIH BARAT,Laki-Laki,153,MATI TAHUN INI
2023,KOTA ADM. JAKARTA PUSAT,CEMPAKA PUTIH,RAWASARI,Laki-Laki,87,MATI TAHUN INI
2023,KOTA ADM. JAKARTA PUSAT,MENTENG,MENTENG,Laki-Laki,105,MATI TAHUN INI
2023,KOTA ADM. JAKARTA PUSAT,MENTENG,PEGANGSAAN,Laki-Laki,85,MATI TAHUN INI
2023,KOTA ADM. JAKARTA PUSAT,MENTENG,CIKINI,Laki-Laki,37,MATI TAHUN INI
2023,KOTA ADM. JAKARTA PUSAT,MENTENG,GONDANGDIA,Laki-Laki,15,MATI TAHUN INI
2023,KOTA ADM. JAKARTA PUSAT,MENTENG,KEBON SIRIH,Laki-Laki,67,MATI TAHUN INI
2023,KOTA ADM. JAKARTA PUSAT,TANAH ABANG,GELORA,Laki-Laki,16,MATI TAHUN INI
2023,KOTA ADM. JAKARTA PUSAT,TANAH ABANG,BENDUNGAN HILIR,Laki-Laki,104,MATI TAHUN INI
2023,KOTA ADM. JAKARTA PUSAT,TANAH ABANG,KARET TENGSIN,Laki-Laki,77,MATI TAHUN INI
2023,KOTA ADM. JAKARTA PUSAT,TANAH ABANG,PETAMBURAN,Laki-Laki,131,MATI TAHUN INI
2023,KOTA ADM. JAKARTA PUSAT,TANAH ABANG,KEBON MELATI,Laki-Laki,114,MATI TAHUN INI
2023,KOTA ADM. JAKARTA PUSAT,TANAH ABANG,KEBON KACANG,Laki-Laki,91,MATI TAHUN INI
2023,KOTA ADM. JAKARTA PUSAT,TANAH ABANG,KAMPUNG BALI,Laki-Laki,58,MATI TAHUN INI
2023,KOTA ADM. JAKARTA PUSAT,JOHAR BARU,JOHAR BARU,Laki-Laki,154,MATI TAHUN INI
2023,KOTA ADM. JAKARTA PUSAT,JOHAR BARU,KAMPUNG RAWA,Laki-Laki,84,MATI TAHUN INI
2023,KOTA ADM. JAKARTA PUSAT,JOHAR BARU,GALUR,Laki-Laki,70,MATI TAHUN INI
2023,KOTA ADM. JAKARTA PUSAT,JOHAR BARU,TANAH TINGGI,Laki-Laki,179,MATI TAHUN INI
2023,KOTA ADM. JAKARTA UTARA,PENJARINGAN,PENJARINGAN,Laki-Laki,295,MATI TAHUN INI
2023,KOTA ADM. JAKARTA UTARA,PENJARINGAN,KAMAL MUARA,Laki-Laki,56,MATI TAHUN INI
2023,KOTA ADM. JAKARTA UTARA,PENJARINGAN,KAPUK MUARA,Laki-Laki,101,MATI TAHUN INI
2023,KOTA ADM. JAKARTA UTARA,PENJARINGAN,PEJAGALAN,Laki-Laki,262,MATI TAHUN INI
2023,KOTA ADM. JAKARTA UTARA,PENJARINGAN,PLUIT,Laki-Laki,143,MATI TAHUN INI
2023,KOTA ADM. JAKARTA UTARA,TANJUNG PRIOK,TANJUNG PRIOK,Laki-Laki,143,MATI TAHUN INI
2023,KOTA ADM. JAKARTA UTARA,TANJUNG PRIOK,SUNTER JAYA,Laki-Laki,240,MATI TAHUN INI
2023,KOTA ADM. JAKARTA UTARA,TANJUNG PRIOK,PAPANGGO,Laki-Laki,146,MATI TAHUN INI
2023,KOTA ADM. JAKARTA UTARA,TANJUNG PRIOK,SUNGAI BAMBU,Laki-Laki,120,MATI TAHUN INI
2023,KOTA ADM. JAKARTA UTARA,TANJUNG PRIOK,KEBON BAWANG,Laki-Laki,153,MATI TAHUN INI
2023,KOTA ADM. JAKARTA UTARA,TANJUNG PRIOK,SUNTER AGUNG,Laki-Laki,260,MATI TAHUN INI
2023,KOTA ADM. JAKARTA UTARA,TANJUNG PRIOK,WARAKAS,Laki-Laki,196,MATI TAHUN INI
2023,KOTA ADM. JAKARTA UTARA,KOJA,KOJA,Laki-Laki,99,MATI TAHUN INI
2023,KOTA ADM. JAKARTA UTARA,KOJA,TUGU UTARA,Laki-Laki,268,MATI TAHUN INI
2023,KOTA ADM. JAKARTA UTARA,KOJA,LAGOA,Laki-Laki,249,MATI TAHUN INI
2023,KOTA ADM. JAKARTA UTARA,KOJA,RAWA BADAK UTARA,Laki-Laki,148,MATI TAHUN INI
2023,KOTA ADM. JAKARTA UTARA,KOJA,TUGU SELATAN,Laki-Laki,122,MATI TAHUN INI
2023,KOTA ADM. JAKARTA UTARA,KOJA,RAWA BADAK SELATAN,Laki-Laki,171,MATI TAHUN INI
2023,KOTA ADM. JAKARTA UTARA,CILINCING,CILINCING,Laki-Laki,173,MATI TAHUN INI
2023,KOTA ADM. JAKARTA UTARA,CILINCING,SUKAPURA,Laki-Laki,155,MATI TAHUN INI
2023,KOTA ADM. JAKARTA UTARA,CILINCING,MARUNDA,Laki-Laki,110,MATI TAHUN INI
2023,KOTA ADM. JAKARTA UTARA,CILINCING,KALIBARU,Laki-Laki,273,MATI TAHUN INI
2023,KOTA ADM. JAKARTA UTARA,CILINCING,SEMPER TIMUR,Laki-Laki,160,MATI TAHUN INI
2023,KOTA ADM. JAKARTA UTARA,CILINCING,ROROTAN,Laki-Laki,131,MATI TAHUN INI
2023,KOTA ADM. JAKARTA UTARA,CILINCING,SEMPER BARAT,Laki-Laki,271,MATI TAHUN INI
2023,KOTA ADM. JAKARTA UTARA,PADEMANGAN,PADEMANGAN TIMUR,Laki-Laki,154,MATI TAHUN INI
2023,KOTA ADM. JAKARTA UTARA,PADEMANGAN,PADEMANGAN BARAT,Laki-Laki,276,MATI TAHUN INI
2023,KOTA ADM. JAKARTA UTARA,PADEMANGAN,ANCOL,Laki-Laki,85,MATI TAHUN INI
2023,KOTA ADM. JAKARTA UTARA,KELAPA GADING,KELAPA GADING TIMUR,Laki-Laki,112,MATI TAHUN INI
2023,KOTA ADM. JAKARTA UTARA,KELAPA GADING,PEGANGSAAN DUA,Laki-Laki,155,MATI TAHUN INI
2023,KOTA ADM. JAKARTA UTARA,KELAPA GADING,KELAPA GADING BARAT,Laki-Laki,95,MATI TAHUN INI
2023,KOTA ADM. JAKARTA BARAT,CENGKARENG,CENGKARENG BARAT,Laki-Laki,214,MATI TAHUN INI
2023,KOTA ADM. JAKARTA BARAT,CENGKARENG,DURI KOSAMBI,Laki-Laki,219,MATI TAHUN INI
2023,KOTA ADM. JAKARTA BARAT,CENGKARENG,RAWA BUAYA,Laki-Laki,173,MATI TAHUN INI
2023,KOTA ADM. JAKARTA BARAT,CENGKARENG,KEDAUNG KALI ANGKE,Laki-Laki,87,MATI TAHUN INI
2023,KOTA ADM. JAKARTA BARAT,CENGKARENG,KAPUK,Laki-Laki,389,MATI TAHUN INI
2023,KOTA ADM. JAKARTA BARAT,CENGKARENG,CENGKARENG TIMUR,Laki-Laki,284,MATI TAHUN INI
2023,KOTA ADM. JAKARTA BARAT,GROGOL PETAMBURAN,GROGOL,Laki-Laki,69,MATI TAHUN INI
2023,KOTA ADM. JAKARTA BARAT,GROGOL PETAMBURAN,TANJUNG DUREN UTARA,Laki-Laki,53,MATI TAHUN INI
2023,KOTA ADM. JAKARTA BARAT,GROGOL PETAMBURAN,TOMANG,Laki-Laki,148,MATI TAHUN INI
2023,KOTA ADM. JAKARTA SELATAN,TEBET,MENTENG DALAM,Perempuan,125,MATI TAHUN INI
2023,KOTA ADM. JAKARTA SELATAN,TEBET,KEBON BARU,Perempuan,144,MATI TAHUN INI
2023,KOTA ADM. JAKARTA SELATAN,TEBET,BUKIT DURI,Perempuan,141,MATI TAHUN INI
2023,KOTA ADM. JAKARTA SELATAN,TEBET,MANGGARAI SELATAN,Perempuan,88,MATI TAHUN INI
2023,KOTA ADM. JAKARTA SELATAN,TEBET,MANGGARAI,Perempuan,144,MATI TAHUN INI
2023,KOTA ADM. JAKARTA SELATAN,SETIABUDI,SETIA BUDI,Perempuan,10,MATI TAHUN INI
2023,KOTA ADM. JAKARTA SELATAN,SETIABUDI,KARET SEMANGGI,Perempuan,11,MATI TAHUN INI
2023,KOTA ADM. JAKARTA SELATAN,SETIABUDI,KARET KUNINGAN,Perempuan,48,MATI TAHUN INI
2023,KOTA ADM. JAKARTA SELATAN,SETIABUDI,KARET,Perempuan,31,MATI TAHUN INI
2023,KOTA ADM. JAKARTA SELATAN,SETIABUDI,MENTENG ATAS,Perempuan,93,MATI TAHUN INI
2023,KOTA ADM. JAKARTA SELATAN,SETIABUDI,PASAR MANGGIS,Perempuan,115,MATI TAHUN INI
2023,KOTA ADM. JAKARTA SELATAN,SETIABUDI,GUNTUR,Perempuan,17,MATI TAHUN INI
2023,KOTA ADM. JAKARTA SELATAN,SETIABUDI,KUNINGAN TIMUR,Perempuan,27,MATI TAHUN INI
2023,KOTA ADM. JAKARTA SELATAN,MAMPANG PRAPATAN,MAMPANG PRAPATAN,Perempuan,54,MATI TAHUN INI
2023,KOTA ADM. JAKARTA SELATAN,MAMPANG PRAPATAN,BANGKA,Perempuan,49,MATI TAHUN INI
2023,KOTA ADM. JAKARTA SELATAN,MAMPANG PRAPATAN,PELA MAMPANG,Perempuan,119,MATI TAHUN INI
2023,KOTA ADM. JAKARTA SELATAN,MAMPANG PRAPATAN,TEGAL PARANG,Perempuan,92,MATI TAHUN INI
2023,KOTA ADM. JAKARTA SELATAN,MAMPANG PRAPATAN,KUNINGAN BARAT,Perempuan,41,MATI TAHUN INI
2023,KOTA ADM. JAKARTA SELATAN,PASAR MINGGU,PASAR MINGGU,Perempuan,92,MATI TAHUN INI
2023,KOTA ADM. JAKARTA SELATAN,PASAR MINGGU,JATI PADANG,Perempuan,94,MATI TAHUN INI
2023,KOTA ADM. JAKARTA SELATAN,PASAR MINGGU,CILANDAK TIMUR,Perempuan,52,MATI TAHUN INI
2023,KOTA ADM. JAKARTA SELATAN,PASAR MINGGU,RAGUNAN,Perempuan,118,MATI TAHUN INI
2023,KOTA ADM. JAKARTA SELATAN,PASAR MINGGU,PEJATEN TIMUR,Perempuan,183,MATI TAHUN INI
2023,KOTA ADM. JAKARTA SELATAN,PASAR MINGGU,PEJATEN BARAT,Perempuan,93,MATI TAHUN INI
2023,KOTA ADM. JAKARTA SELATAN,PASAR MINGGU,KEBAGUSAN,Perempuan,117,MATI TAHUN INI
2023,KOTA ADM. JAKARTA SELATAN,KEBAYORAN LAMA,KEBAYORAN LAMA UTARA,Perempuan,105,MATI TAHUN INI
2023,KOTA ADM. JAKARTA SELATAN,KEBAYORAN LAMA,PONDOK PINANG,Perempuan,165,MATI TAHUN INI
2023,KOTA ADM. JAKARTA SELATAN,KEBAYORAN LAMA,CIPULIR,Perempuan,115,MATI TAHUN INI
2023,KOTA ADM. JAKARTA SELATAN,KEBAYORAN LAMA,GROGOL UTARA,Perempuan,116,MATI TAHUN INI
2023,KOTA ADM. JAKARTA SELATAN,KEBAYORAN LAMA,GROGOL SELATAN,Perempuan,138,MATI TAHUN INI
2023,KOTA ADM. JAKARTA SELATAN,KEBAYORAN LAMA,KEBAYORAN LAMA SELATAN,Perempuan,132,MATI TAHUN INI
2023,KOTA ADM. JAKARTA SELATAN,CILANDAK,CILANDAK BARAT,Perempuan,141,MATI TAHUN INI
2023,KOTA ADM. JAKARTA SELATAN,CILANDAK,LEBAK BULUS,Perempuan,84,MATI TAHUN INI
2023,KOTA ADM. JAKARTA SELATAN,CILANDAK,PONDOK LABU,Perempuan,113,MATI TAHUN INI
2023,KOTA ADM. JAKARTA SELATAN,CILANDAK,GANDARIA SELATAN,Perempuan,42,MATI TAHUN INI
2023,KOTA ADM. JAKARTA SELATAN,CILANDAK,CIPETE SELATAN,Perempuan,49,MATI TAHUN INI
2023,KOTA ADM. JAKARTA SELATAN,KEBAYORAN BARU,MELAWAI,Perempuan,6,MATI TAHUN INI
2023,KOTA ADM. JAKARTA SELATAN,KEBAYORAN BARU,GUNUNG,Perempuan,28,MATI TAHUN INI
2023,KOTA ADM. JAKARTA SELATAN,KEBAYORAN BARU,KRAMAT PELA,Perempuan,55,MATI TAHUN INI
2023,KOTA ADM. JAKARTA SELATAN,KEBAYORAN BARU,SELONG,Perempuan,10,MATI TAHUN INI
2023,KOTA ADM. JAKARTA SELATAN,KEBAYORAN BARU,RAWA BARAT,Perempuan,21,MATI TAHUN INI
2023,KOTA ADM. JAKARTA SELATAN,KEBAYORAN BARU,SENAYAN,Perempuan,6,MATI TAHUN INI
2023,KOTA ADM. JAKARTA SELATAN,KEBAYORAN BARU,PULO,Perempuan,23,MATI TAHUN INI
2023,KOTA ADM. JAKARTA SELATAN,KEBAYORAN BARU,PETOGOGAN,Perempuan,42,MATI TAHUN INI
2023,KOTA ADM. JAKARTA SELATAN,KEBAYORAN BARU,GANDARIA UTARA,Perempuan,111,MATI TAHUN INI
2023,KOTA ADM. JAKARTA SELATAN,KEBAYORAN BARU,CIPETE UTARA,Perempuan,102,MATI TAHUN INI
2023,KOTA ADM. JAKARTA SELATAN,PANCORAN,PANCORAN,Perempuan,68,MATI TAHUN INI
2023,KOTA ADM. JAKARTA SELATAN,PANCORAN,KALIBATA,Perempuan,129,MATI TAHUN INI
2023,KOTA ADM. JAKARTA SELATAN,PANCORAN,RAWAJATI,Perempuan,58,MATI TAHUN INI
2023,KOTA ADM. JAKARTA SELATAN,PANCORAN,DUREN TIGA,Perempuan,70,MATI TAHUN INI
2023,KOTA ADM. JAKARTA SELATAN,PANCORAN,PENGADEGAN,Perempuan,70,MATI TAHUN INI
2023,KOTA ADM. JAKARTA SELATAN,PANCORAN,CIKOKO,Perempuan,34,MATI TAHUN INI
2023,KOTA ADM. JAKARTA SELATAN,JAGAKARSA,JAGAKARSA,Perempuan,167,MATI TAHUN INI
2023,KOTA ADM. JAKARTA SELATAN,JAGAKARSA,SRENGSENG SAWAH,Perempuan,177,MATI TAHUN INI
2023,KOTA ADM. JAKARTA SELATAN,JAGAKARSA,CIGANJUR,Perempuan,83,MATI TAHUN INI
2023,KOTA ADM. JAKARTA SELATAN,JAGAKARSA,LENTENG AGUNG,Perempuan,160,MATI TAHUN INI
2023,KOTA ADM. JAKARTA SELATAN,JAGAKARSA,TANJUNG BARAT,Perempuan,102,MATI TAHUN INI
2023,KOTA ADM. JAKARTA SELATAN,JAGAKARSA,CIPEDAK,Perempuan,87,MATI TAHUN INI
2023,KOTA ADM. JAKARTA SELATAN,PESANGGRAHAN,PESANGGRAHAN,Perempuan,72,MATI TAHUN INI
2023,KOTA ADM. JAKARTA SELATAN,PESANGGRAHAN,BINTARO,Perempuan,137,MATI TAHUN INI
2023,KOTA ADM. JAKARTA SELATAN,PESANGGRAHAN,PETUKANGAN UTARA,Perempuan,148,MATI TAHUN INI
2023,KOTA ADM. JAKARTA SELATAN,PESANGGRAHAN,PETUKANGAN SELATAN,Perempuan,94,MATI TAHUN INI
2023,KOTA ADM. JAKARTA SELATAN,PESANGGRAHAN,ULUJAMI,Perempuan,113,MATI TAHUN INI
2023,KOTA ADM. JAKARTA TIMUR,MATRAMAN,PISANGAN BARU,Perempuan,147,MATI TAHUN INI
2023,KOTA ADM. JAKARTA TIMUR,MATRAMAN,UTAN KAYU UTARA,Perempuan,90,MATI TAHUN INI
2023,KOTA ADM. JAKARTA TIMUR,MATRAMAN,KAYU MANIS,Perempuan,101,MATI TAHUN INI
2023,KOTA ADM. JAKARTA TIMUR,MATRAMAN,PALMERIAM,Perempuan,86,MATI TAHUN INI
2023,KOTA ADM. JAKARTA TIMUR,MATRAMAN,KEBON MANGGIS,Perempuan,65,MATI TAHUN INI
2023,KOTA ADM. JAKARTA TIMUR,MATRAMAN,UTAN KAYU SELATAN,Perempuan,143,MATI TAHUN INI
2023,KOTA ADM. JAKARTA TIMUR,PULOGADUNG,PULO GADUNG,Perempuan,107,MATI TAHUN INI
2023,KOTA ADM. JAKARTA TIMUR,PULOGADUNG,PISANGAN TIMUR,Perempuan,142,MATI TAHUN INI
2023,KOTA ADM. JAKARTA TIMUR,PULOGADUNG,CIPINANG,Perempuan,153,MATI TAHUN INI
2023,KOTA ADM. JAKARTA TIMUR,PULOGADUNG,JATINEGARA KAUM,Perempuan,72,MATI TAHUN INI
2023,KOTA ADM. JAKARTA TIMUR,PULOGADUNG,RAWAMANGUN,Perempuan,146,MATI TAHUN INI
2023,KOTA ADM. JAKARTA TIMUR,PULOGADUNG,KAYU PUTIH,Perempuan,150,MATI TAHUN INI
2023,KOTA ADM. JAKARTA TIMUR,PULOGADUNG,JATI,Perempuan,90,MATI TAHUN INI
2023,KOTA ADM. JAKARTA TIMUR,JATINEGARA,KAMPUNG MELAYU,Perempuan,104,MATI TAHUN INI
2023,KOTA ADM. JAKARTA TIMUR,JATINEGARA,BIDARA CINA,Perempuan,135,MATI TAHUN INI
2023,KOTA ADM. JAKARTA TIMUR,JATINEGARA,BALI MESTER,Perempuan,44,MATI TAHUN INI
2023,KOTA ADM. JAKARTA TIMUR,JATINEGARA,RAWA BUNGA,Perempuan,95,MATI TAHUN INI
2023,KOTA ADM. JAKARTA TIMUR,JATINEGARA,CIPINANG CEMPEDAK,Perempuan,158,MATI TAHUN INI
2023,KOTA ADM. JAKARTA TIMUR,JATINEGARA,CIPINANG MUARA,Perempuan,207,MATI TAHUN INI
2023,KOTA ADM. JAKARTA TIMUR,JATINEGARA,CIPINANG BESAR SELATAN,Perempuan,118,MATI TAHUN INI
2023,KOTA ADM. JAKARTA TIMUR,JATINEGARA,CIPINANG BESAR UTARA,Perempuan,201,MATI TAHUN INI
2023,KOTA ADM. JAKARTA TIMUR,KRAMATJATI,KRAMATJATI,Perempuan,114,MATI TAHUN INI
2023,KOTA ADM. JAKARTA TIMUR,KRAMATJATI,TENGAH,Perempuan,120,MATI TAHUN INI
2023,KOTA ADM. JAKARTA TIMUR,KRAMATJATI,DUKUH,Perempuan,88,MATI TAHUN INI
2023,KOTA ADM. JAKARTA TIMUR,KRAMATJATI,BATU AMPAR,Perempuan,130,MATI TAHUN INI
2023,KOTA ADM. JAKARTA TIMUR,KRAMATJATI,BALEKAMBANG,Perempuan,74,MATI TAHUN INI
2023,KOTA ADM. JAKARTA TIMUR,KRAMATJATI,CILILITAN,Perempuan,146,MATI TAHUN INI
2023,KOTA ADM. JAKARTA TIMUR,KRAMATJATI,CAWANG,Perempuan,101,MATI TAHUN INI
2023,KOTA ADM. JAKARTA TIMUR,PASAR REBO,GEDONG,Perempuan,128,MATI TAHUN INI
2023,KOTA ADM. JAKARTA TIMUR,PASAR REBO,BARU,Perempuan,47,MATI TAHUN INI
2023,KOTA ADM. JAKARTA TIMUR,PASAR REBO,CIJANTUNG,Perempuan,127,MATI TAHUN INI
2023,KOTA ADM. JAKARTA TIMUR,PASAR REBO,KALISARI,Perempuan,117,MATI TAHUN INI
2023,KOTA ADM. JAKARTA TIMUR,PASAR REBO,PEKAYON,Perempuan,107,MATI TAHUN INI
2023,KOTA ADM. JAKARTA TIMUR,CAKUNG,JATINEGARA,Perempuan,160,MATI TAHUN INI
2023,KOTA ADM. JAKARTA TIMUR,CAKUNG,RAWA TERATE,Perempuan,56,MATI TAHUN INI
2023,KOTA ADM. JAKARTA TIMUR,CAKUNG,PENGGILINGAN,Perempuan,278,MATI TAHUN INI
2023,KOTA ADM. JAKARTA TIMUR,CAKUNG,CAKUNG TIMUR,Perempuan,153,MATI TAHUN INI
2023,KOTA ADM. JAKARTA TIMUR,CAKUNG,PULO GEBANG,Perempuan,277,MATI TAHUN INI
2023,KOTA ADM. JAKARTA TIMUR,CAKUNG,UJUNG MENTENG,Perempuan,75,MATI TAHUN INI
2023,KOTA ADM. JAKARTA TIMUR,CAKUNG,CAKUNG BARAT,Perempuan,137,MATI TAHUN INI
2023,KOTA ADM. JAKARTA TIMUR,DUREN SAWIT,DUREN SAWIT,Perempuan,157,MATI TAHUN INI
2023,KOTA ADM. JAKARTA TIMUR,DUREN SAWIT,PONDOK BAMBU,Perempuan,175,MATI TAHUN INI
2023,KOTA ADM. JAKARTA TIMUR,DUREN SAWIT,KLENDER,Perempuan,190,MATI TAHUN INI
2023,KOTA ADM. JAKARTA TIMUR,DUREN SAWIT,PONDOK KELAPA,Perempuan,192,MATI TAHUN INI
2023,KOTA ADM. JAKARTA TIMUR,DUREN SAWIT,MALAKA SARI,Perempuan,113,MATI TAHUN INI
2023,KOTA ADM. JAKARTA TIMUR,DUREN SAWIT,MALAKA JAYA,Perempuan,133,MATI TAHUN INI
2023,KOTA ADM. JAKARTA TIMUR,DUREN SAWIT,PONDOK KOPI,Perempuan,98,MATI TAHUN INI
2023,KOTA ADM. JAKARTA TIMUR,MAKASAR,MAKASAR,Perempuan,120,MATI TAHUN INI
2023,KOTA ADM. JAKARTA TIMUR,MAKASAR,PINANGRANTI,Perempuan,76,MATI TAHUN INI
2023,KOTA ADM. JAKARTA TIMUR,MAKASAR,KEBON PALA,Perempuan,134,MATI TAHUN INI
2023,KOTA ADM. JAKARTA TIMUR,MAKASAR,HALIM PERDANA KUSUMA,Perempuan,58,MATI TAHUN INI
2023,KOTA ADM. JAKARTA TIMUR,MAKASAR,CIPINANG MELAYU,Perempuan,131,MATI TAHUN INI
2023,KOTA ADM. JAKARTA TIMUR,CIRACAS,CIRACAS,Perempuan,188,MATI TAHUN INI
2023,KOTA ADM. JAKARTA TIMUR,CIRACAS,CIBUBUR,Perempuan,179,MATI TAHUN INI
2023,KOTA ADM. JAKARTA TIMUR,CIRACAS,KELAPA DUA WETAN,Perempuan,156,MATI TAHUN INI
2023,KOTA ADM. JAKARTA TIMUR,CIRACAS,SUSUKAN,Perempuan,114,MATI TAHUN INI
2023,KOTA ADM. JAKARTA TIMUR,CIRACAS,RAMBUTAN,Perempuan,127,MATI TAHUN INI
2023,KOTA ADM. JAKARTA TIMUR,CIPAYUNG,CIPAYUNG,Perempuan,71,MATI TAHUN INI
2023,KOTA ADM. JAKARTA TIMUR,CIPAYUNG,CILANGKAP,Perempuan,80,MATI TAHUN INI
2023,KOTA ADM. JAKARTA TIMUR,CIPAYUNG,PONDOK RANGGON,Perempuan,64,MATI TAHUN INI
2023,KOTA ADM. JAKARTA TIMUR,CIPAYUNG,MUNJUL,Perempuan,84,MATI TAHUN INI
2023,KOTA ADM. JAKARTA TIMUR,CIPAYUNG,SETU,Perempuan,57,MATI TAHUN INI
2023,KOTA ADM. JAKARTA TIMUR,CIPAYUNG,BAMBU APUS,Perempuan,80,MATI TAHUN INI
2023,KOTA ADM. JAKARTA TIMUR,CIPAYUNG,LUBANG BUAYA,Perempuan,141,MATI TAHUN INI
2023,KOTA ADM. JAKARTA TIMUR,CIPAYUNG,CEGER,Perempuan,55,MATI TAHUN INI
2023,KAB. ADM. KEP. SERIBU,KEPULAUAN SERIBU UTARA,PULAU PANGGANG,Laki-Laki,11,MATI LUAR TAHUN INI
2023,KAB. ADM. KEP. SERIBU,KEPULAUAN SERIBU UTARA,PULAU KELAPA,Laki-Laki,11,MATI LUAR TAHUN INI
2023,KAB. ADM. KEP. SERIBU,KEPULAUAN SERIBU UTARA,PULAU HARAPAN,Laki-Laki,2,MATI LUAR TAHUN INI
2023,KAB. ADM. KEP. SERIBU,KEPULAUAN SERIBU SELATAN,PULAU UNTUNG JAWA,Laki-Laki,4,MATI LUAR TAHUN INI
2023,KAB. ADM. KEP. SERIBU,KEPULAUAN SERIBU SELATAN,PULAU TIDUNG,Laki-Laki,11,MATI LUAR TAHUN INI
2023,KAB. ADM. KEP. SERIBU,KEPULAUAN SERIBU SELATAN,PULAU PARI,Laki-Laki,5,MATI LUAR TAHUN INI
2023,KOTA ADM. JAKARTA PUSAT,GAMBIR,GAMBIR,Laki-Laki,3,MATI LUAR TAHUN INI
2023,KOTA ADM. JAKARTA PUSAT,GAMBIR,CIDENG,Laki-Laki,37,MATI LUAR TAHUN INI
2023,KOTA ADM. JAKARTA PUSAT,GAMBIR,PETOJO UTARA,Laki-Laki,25,MATI LUAR TAHUN INI
2023,KOTA ADM. JAKARTA PUSAT,GAMBIR,PETOJO SELATAN,Laki-Laki,21,MATI LUAR TAHUN INI
2023,KOTA ADM. JAKARTA PUSAT,GAMBIR,KEBON KELAPA,Laki-Laki,17,MATI LUAR TAHUN INI
2023,KOTA ADM. JAKARTA PUSAT,GAMBIR,DURI PULO,Laki-Laki,68,MATI LUAR TAHUN INI
2023,KOTA ADM. JAKARTA PUSAT,SAWAH BESAR,PASAR BARU,Laki-Laki,30,MATI LUAR TAHUN INI
2023,KOTA ADM. JAKARTA PUSAT,SAWAH BESAR,KARANG ANYAR,Laki-Laki,62,MATI LUAR TAHUN INI
2023,KOTA ADM. JAKARTA PUSAT,SAWAH BESAR,KARTINI,Laki-Laki,44,MATI LUAR TAHUN INI
2023,KOTA ADM. JAKARTA PUSAT,SAWAH BESAR,GUNUNG SAHARI UTARA,Laki-Laki,28,MATI LUAR TAHUN INI
2023,KOTA ADM. JAKARTA PUSAT,SAWAH BESAR,MANGGA DUA SELATAN,Laki-Laki,48,MATI LUAR TAHUN INI
2023,KOTA ADM. JAKARTA PUSAT,KEMAYORAN,KEMAYORAN,Laki-Laki,41,MATI LUAR TAHUN INI
2023,KOTA ADM. JAKARTA PUSAT,KEMAYORAN,KEBON KOSONG,Laki-Laki,75,MATI LUAR TAHUN INI
2023,KOTA ADM. JAKARTA PUSAT,KEMAYORAN,HARAPAN MULIA,Laki-Laki,83,MATI LUAR TAHUN INI
2023,KOTA ADM. JAKARTA PUSAT,KEMAYORAN,SERDANG,Laki-Laki,97,MATI LUAR TAHUN INI
2023,KOTA ADM. JAKARTA PUSAT,KEMAYORAN,GUNUNG SAHARI SELATAN,Laki-Laki,47,MATI LUAR TAHUN INI
2023,KOTA ADM. JAKARTA PUSAT,KEMAYORAN,CEMPAKA BARU,Laki-Laki,76,MATI LUAR TAHUN INI
2023,KOTA ADM. JAKARTA PUSAT,KEMAYORAN,SUMUR BATU,Laki-Laki,69,MATI LUAR TAHUN INI
2023,KOTA ADM. JAKARTA PUSAT,KEMAYORAN,UTAN PANJANG,Laki-Laki,97,MATI LUAR TAHUN INI
2023,KOTA ADM. JAKARTA PUSAT,SENEN,SENEN,Laki-Laki,17,MATI LUAR TAHUN INI
2023,KOTA ADM. JAKARTA PUSAT,SENEN,KENARI,Laki-Laki,33,MATI LUAR TAHUN INI
2023,KOTA ADM. JAKARTA PUSAT,SENEN,PASEBAN,Laki-Laki,71,MATI LUAR TAHUN INI
2023,KOTA ADM. JAKARTA PUSAT,SENEN,KRAMAT,Laki-Laki,49,MATI LUAR TAHUN INI
2023,KOTA ADM. JAKARTA PUSAT,SENEN,KWITANG,Laki-Laki,42,MATI LUAR TAHUN INI
2023,KOTA ADM. JAKARTA PUSAT,SENEN,BUNGUR,Laki-Laki,28,MATI LUAR TAHUN INI
2023,KOTA ADM. JAKARTA PUSAT,CEMPAKA PUTIH,CEMPAKA PUTIH TIMUR,Laki-Laki,88,MATI LUAR TAHUN INI
2023,KOTA ADM. JAKARTA PUSAT,CEMPAKA PUTIH,CEMPAKA PUTIH BARAT,Laki-Laki,103,MATI LUAR TAHUN INI
2023,KOTA ADM. JAKARTA PUSAT,CEMPAKA PUTIH,RAWASARI,Laki-Laki,61,MATI LUAR TAHUN INI
2023,KOTA ADM. JAKARTA PUSAT,MENTENG,MENTENG,Laki-Laki,57,MATI LUAR TAHUN INI
2023,KOTA ADM. JAKARTA PUSAT,MENTENG,PEGANGSAAN,Laki-Laki,37,MATI LUAR TAHUN INI
2023,KOTA ADM. JAKARTA PUSAT,MENTENG,CIKINI,Laki-Laki,20,MATI LUAR TAHUN INI
2023,KOTA ADM. JAKARTA PUSAT,MENTENG,GONDANGDIA,Laki-Laki,6,MATI LUAR TAHUN INI
2023,KOTA ADM. JAKARTA PUSAT,MENTENG,KEBON SIRIH,Laki-Laki,36,MATI LUAR TAHUN INI
2023,KOTA ADM. JAKARTA PUSAT,TANAH ABANG,GELORA,Laki-Laki,7,MATI LUAR TAHUN INI
2023,KOTA ADM. JAKARTA PUSAT,TANAH ABANG,BENDUNGAN HILIR,Laki-Laki,53,MATI LUAR TAHUN INI
2023,KOTA ADM. JAKARTA PUSAT,TANAH ABANG,KARET TENGSIN,Laki-Laki,32,MATI LUAR TAHUN INI
2023,KOTA ADM. JAKARTA PUSAT,TANAH ABANG,PETAMBURAN,Laki-Laki,76,MATI LUAR TAHUN INI
2023,KOTA ADM. JAKARTA PUSAT,TANAH ABANG,KEBON MELATI,Laki-Laki,55,MATI LUAR TAHUN INI
2023,KOTA ADM. JAKARTA PUSAT,TANAH ABANG,KEBON KACANG,Laki-Laki,42,MATI LUAR TAHUN INI
2023,KOTA ADM. JAKARTA PUSAT,TANAH ABANG,KAMPUNG BALI,Laki-Laki,25,MATI LUAR TAHUN INI
2023,KOTA ADM. JAKARTA PUSAT,JOHAR BARU,JOHAR BARU,Laki-Laki,162,MATI LUAR TAHUN INI
2023,KOTA ADM. JAKARTA PUSAT,JOHAR BARU,KAMPUNG RAWA,Laki-Laki,71,MATI LUAR TAHUN INI
2023,KOTA ADM. JAKARTA PUSAT,JOHAR BARU,GALUR,Laki-Laki,46,MATI LUAR TAHUN INI
2023,KOTA ADM. JAKARTA PUSAT,JOHAR BARU,TANAH TINGGI,Laki-Laki,93,MATI LUAR TAHUN INI
2023,KOTA ADM. JAKARTA TIMUR,KRAMATJATI,TENGAH,Laki-Laki,178,MATI TAHUN INI
2023,KOTA ADM. JAKARTA TIMUR,KRAMATJATI,DUKUH,Laki-Laki,107,MATI TAHUN INI
2023,KOTA ADM. JAKARTA TIMUR,KRAMATJATI,BATU AMPAR,Laki-Laki,160,MATI TAHUN INI
2023,KOTA ADM. JAKARTA TIMUR,KRAMATJATI,BALEKAMBANG,Laki-Laki,104,MATI TAHUN INI
2023,KOTA ADM. JAKARTA TIMUR,KRAMATJATI,CILILITAN,Laki-Laki,146,MATI TAHUN INI
2023,KOTA ADM. JAKARTA TIMUR,KRAMATJATI,CAWANG,Laki-Laki,123,MATI TAHUN INI
2023,KOTA ADM. JAKARTA TIMUR,PASAR REBO,GEDONG,Laki-Laki,147,MATI TAHUN INI
2023,KOTA ADM. JAKARTA TIMUR,PASAR REBO,BARU,Laki-Laki,68,MATI TAHUN INI
2023,KOTA ADM. JAKARTA TIMUR,PASAR REBO,CIJANTUNG,Laki-Laki,161,MATI TAHUN INI
2023,KOTA ADM. JAKARTA TIMUR,PASAR REBO,KALISARI,Laki-Laki,141,MATI TAHUN INI
2023,KOTA ADM. JAKARTA TIMUR,PASAR REBO,PEKAYON,Laki-Laki,161,MATI TAHUN INI
2023,KOTA ADM. JAKARTA TIMUR,CAKUNG,JATINEGARA,Laki-Laki,222,MATI TAHUN INI
2023,KOTA ADM. JAKARTA TIMUR,CAKUNG,RAWA TERATE,Laki-Laki,82,MATI TAHUN INI
2023,KOTA ADM. JAKARTA TIMUR,CAKUNG,PENGGILINGAN,Laki-Laki,363,MATI TAHUN INI
2023,KOTA ADM. JAKARTA TIMUR,CAKUNG,CAKUNG TIMUR,Laki-Laki,207,MATI TAHUN INI
2023,KOTA ADM. JAKARTA TIMUR,CAKUNG,PULO GEBANG,Laki-Laki,316,MATI TAHUN INI
2023,KOTA ADM. JAKARTA TIMUR,CAKUNG,UJUNG MENTENG,Laki-Laki,118,MATI TAHUN INI
2023,KOTA ADM. JAKARTA TIMUR,CAKUNG,CAKUNG BARAT,Laki-Laki,189,MATI TAHUN INI
2023,KOTA ADM. JAKARTA TIMUR,DUREN SAWIT,DUREN SAWIT,Laki-Laki,219,MATI TAHUN INI
2023,KOTA ADM. JAKARTA TIMUR,DUREN SAWIT,PONDOK BAMBU,Laki-Laki,221,MATI TAHUN INI
2023,KOTA ADM. JAKARTA TIMUR,DUREN SAWIT,KLENDER,Laki-Laki,264,MATI TAHUN INI
2023,KOTA ADM. JAKARTA TIMUR,DUREN SAWIT,PONDOK KELAPA,Laki-Laki,277,MATI TAHUN INI
2023,KOTA ADM. JAKARTA TIMUR,DUREN SAWIT,MALAKA SARI,Laki-Laki,137,MATI TAHUN INI
2023,KOTA ADM. JAKARTA TIMUR,DUREN SAWIT,MALAKA JAYA,Laki-Laki,144,MATI TAHUN INI
2023,KOTA ADM. JAKARTA TIMUR,DUREN SAWIT,PONDOK KOPI,Laki-Laki,156,MATI TAHUN INI
2023,KOTA ADM. JAKARTA TIMUR,MAKASAR,MAKASAR,Laki-Laki,146,MATI TAHUN INI
2023,KOTA ADM. JAKARTA TIMUR,MAKASAR,PINANGRANTI,Laki-Laki,93,MATI TAHUN INI
2023,KOTA ADM. JAKARTA TIMUR,MAKASAR,KEBON PALA,Laki-Laki,198,MATI TAHUN INI
2023,KOTA ADM. JAKARTA TIMUR,MAKASAR,HALIM PERDANA KUSUMA,Laki-Laki,61,MATI TAHUN INI
2023,KOTA ADM. JAKARTA TIMUR,MAKASAR,CIPINANG MELAYU,Laki-Laki,159,MATI TAHUN INI
2023,KOTA ADM. JAKARTA TIMUR,CIRACAS,CIRACAS,Laki-Laki,253,MATI TAHUN INI
2023,KOTA ADM. JAKARTA TIMUR,CIRACAS,CIBUBUR,Laki-Laki,275,MATI TAHUN INI
2023,KOTA ADM. JAKARTA TIMUR,CIRACAS,KELAPA DUA WETAN,Laki-Laki,167,MATI TAHUN INI
2023,KOTA ADM. JAKARTA TIMUR,CIRACAS,SUSUKAN,Laki-Laki,141,MATI TAHUN INI
2023,KOTA ADM. JAKARTA TIMUR,CIRACAS,RAMBUTAN,Laki-Laki,143,MATI TAHUN INI
2023,KOTA ADM. JAKARTA TIMUR,CIPAYUNG,CIPAYUNG,Laki-Laki,100,MATI TAHUN INI
2023,KOTA ADM. JAKARTA TIMUR,CIPAYUNG,CILANGKAP,Laki-Laki,102,MATI TAHUN INI
2023,KOTA ADM. JAKARTA TIMUR,CIPAYUNG,PONDOK RANGGON,Laki-Laki,70,MATI TAHUN INI
2023,KOTA ADM. JAKARTA TIMUR,CIPAYUNG,MUNJUL,Laki-Laki,91,MATI TAHUN INI
2023,KOTA ADM. JAKARTA TIMUR,CIPAYUNG,SETU,Laki-Laki,84,MATI TAHUN INI
2023,KOTA ADM. JAKARTA TIMUR,CIPAYUNG,BAMBU APUS,Laki-Laki,102,MATI TAHUN INI
2023,KOTA ADM. JAKARTA TIMUR,CIPAYUNG,LUBANG BUAYA,Laki-Laki,249,MATI TAHUN INI
2023,KOTA ADM. JAKARTA TIMUR,CIPAYUNG,CEGER,Laki-Laki,69,MATI TAHUN INI
2023,KAB. ADM. KEP. SERIBU,KEPULAUAN SERIBU UTARA,PULAU PANGGANG,Perempuan,19,MATI TAHUN INI
2023,KAB. ADM. KEP. SERIBU,KEPULAUAN SERIBU UTARA,PULAU KELAPA,Perempuan,14,MATI TAHUN INI
2023,KAB. ADM. KEP. SERIBU,KEPULAUAN SERIBU UTARA,PULAU HARAPAN,Perempuan,5,MATI TAHUN INI
2023,KAB. ADM. KEP. SERIBU,KEPULAUAN SERIBU SELATAN,PULAU UNTUNG JAWA,Perempuan,14,MATI TAHUN INI
2023,KAB. ADM. KEP. SERIBU,KEPULAUAN SERIBU SELATAN,PULAU TIDUNG,Perempuan,19,MATI TAHUN INI
2023,KAB. ADM. KEP. SERIBU,KEPULAUAN SERIBU SELATAN,PULAU PARI,Perempuan,11,MATI TAHUN INI
2023,KOTA ADM. JAKARTA PUSAT,GAMBIR,GAMBIR,Perempuan,13,MATI TAHUN INI
2023,KOTA ADM. JAKARTA PUSAT,GAMBIR,CIDENG,Perempuan,48,MATI TAHUN INI
2023,KOTA ADM. JAKARTA PUSAT,GAMBIR,PETOJO UTARA,Perempuan,76,MATI TAHUN INI
2023,KOTA ADM. JAKARTA PUSAT,GAMBIR,PETOJO SELATAN,Perempuan,48,MATI TAHUN INI
2023,KOTA ADM. JAKARTA PUSAT,GAMBIR,KEBON KELAPA,Perempuan,36,MATI TAHUN INI
2023,KOTA ADM. JAKARTA PUSAT,GAMBIR,DURI PULO,Perempuan,95,MATI TAHUN INI
2023,KOTA ADM. JAKARTA PUSAT,SAWAH BESAR,PASAR BARU,Perempuan,48,MATI TAHUN INI
2023,KOTA ADM. JAKARTA PUSAT,SAWAH BESAR,KARANG ANYAR,Perempuan,102,MATI TAHUN INI
2023,KOTA ADM. JAKARTA PUSAT,SAWAH BESAR,KARTINI,Perempuan,75,MATI TAHUN INI
2023,KOTA ADM. JAKARTA PUSAT,SAWAH BESAR,GUNUNG SAHARI UTARA,Perempuan,86,MATI TAHUN INI
2023,KOTA ADM. JAKARTA PUSAT,SAWAH BESAR,MANGGA DUA SELATAN,Perempuan,87,MATI TAHUN INI
2023,KOTA ADM. JAKARTA PUSAT,KEMAYORAN,KEMAYORAN,Perempuan,97,MATI TAHUN INI
2023,KOTA ADM. JAKARTA PUSAT,KEMAYORAN,KEBON KOSONG,Perempuan,113,MATI TAHUN INI
2023,KOTA ADM. JAKARTA PUSAT,KEMAYORAN,HARAPAN MULIA,Perempuan,106,MATI TAHUN INI
2023,KOTA ADM. JAKARTA PUSAT,KEMAYORAN,SERDANG,Perempuan,122,MATI TAHUN INI
2023,KOTA ADM. JAKARTA PUSAT,KEMAYORAN,GUNUNG SAHARI SELATAN,Perempuan,92,MATI TAHUN INI
2023,KOTA ADM. JAKARTA PUSAT,KEMAYORAN,CEMPAKA BARU,Perempuan,141,MATI TAHUN INI
2023,KOTA ADM. JAKARTA PUSAT,KEMAYORAN,SUMUR BATU,Perempuan,81,MATI TAHUN INI
2023,KOTA ADM. JAKARTA PUSAT,KEMAYORAN,UTAN PANJANG,Perempuan,117,MATI TAHUN INI
2023,KOTA ADM. JAKARTA PUSAT,SENEN,SENEN,Perempuan,21,MATI TAHUN INI
2023,KOTA ADM. JAKARTA PUSAT,SENEN,KENARI,Perempuan,39,MATI TAHUN INI
2023,KOTA ADM. JAKARTA PUSAT,SENEN,PASEBAN,Perempuan,74,MATI TAHUN INI
2023,KOTA ADM. JAKARTA PUSAT,SENEN,KRAMAT,Perempuan,140,MATI TAHUN INI
2023,KOTA ADM. JAKARTA PUSAT,SENEN,KWITANG,Perempuan,63,MATI TAHUN INI
2023,KOTA ADM. JAKARTA PUSAT,SENEN,BUNGUR,Perempuan,92,MATI TAHUN INI
2023,KOTA ADM. JAKARTA PUSAT,CEMPAKA PUTIH,CEMPAKA PUTIH TIMUR,Perempuan,81,MATI TAHUN INI
2023,KOTA ADM. JAKARTA PUSAT,CEMPAKA PUTIH,CEMPAKA PUTIH BARAT,Perempuan,119,MATI TAHUN INI
2023,KOTA ADM. JAKARTA PUSAT,CEMPAKA PUTIH,RAWASARI,Perempuan,82,MATI TAHUN INI
2023,KOTA ADM. JAKARTA PUSAT,MENTENG,MENTENG,Perempuan,89,MATI TAHUN INI
2023,KOTA ADM. JAKARTA PUSAT,MENTENG,PEGANGSAAN,Perempuan,102,MATI TAHUN INI
2023,KOTA ADM. JAKARTA PUSAT,MENTENG,CIKINI,Perempuan,29,MATI TAHUN INI
2023,KOTA ADM. JAKARTA PUSAT,MENTENG,GONDANGDIA,Perempuan,13,MATI TAHUN INI
2023,KOTA ADM. JAKARTA PUSAT,MENTENG,KEBON SIRIH,Perempuan,44,MATI TAHUN INI
2023,KOTA ADM. JAKARTA PUSAT,TANAH ABANG,GELORA,Perempuan,10,MATI TAHUN INI
2023,KOTA ADM. JAKARTA PUSAT,TANAH ABANG,BENDUNGAN HILIR,Perempuan,75,MATI TAHUN INI
2023,KOTA ADM. JAKARTA PUSAT,TANAH ABANG,KARET TENGSIN,Perempuan,69,MATI TAHUN INI
2023,KOTA ADM. JAKARTA PUSAT,TANAH ABANG,PETAMBURAN,Perempuan,116,MATI TAHUN INI
2023,KOTA ADM. JAKARTA PUSAT,TANAH ABANG,KEBON MELATI,Perempuan,102,MATI TAHUN INI
2023,KOTA ADM. JAKARTA PUSAT,TANAH ABANG,KEBON KACANG,Perempuan,99,MATI TAHUN INI
2023,KOTA ADM. JAKARTA PUSAT,TANAH ABANG,KAMPUNG BALI,Perempuan,38,MATI TAHUN INI
2023,KOTA ADM. JAKARTA PUSAT,JOHAR BARU,JOHAR BARU,Perempuan,146,MATI TAHUN INI
2023,KOTA ADM. JAKARTA PUSAT,JOHAR BARU,KAMPUNG RAWA,Perempuan,79,MATI TAHUN INI
2023,KOTA ADM. JAKARTA PUSAT,JOHAR BARU,GALUR,Perempuan,75,MATI TAHUN INI
2023,KOTA ADM. JAKARTA PUSAT,JOHAR BARU,TANAH TINGGI,Perempuan,153,MATI TAHUN INI
2023,KOTA ADM. JAKARTA UTARA,PENJARINGAN,PENJARINGAN,Perempuan,225,MATI TAHUN INI
2023,KOTA ADM. JAKARTA UTARA,PENJARINGAN,KAMAL MUARA,Perempuan,43,MATI TAHUN INI
2023,KOTA ADM. JAKARTA UTARA,PENJARINGAN,KAPUK MUARA,Perempuan,94,MATI TAHUN INI
2023,KOTA ADM. JAKARTA UTARA,PENJARINGAN,PEJAGALAN,Perempuan,180,MATI TAHUN INI
2023,KOTA ADM. JAKARTA UTARA,PENJARINGAN,PLUIT,Perempuan,107,MATI TAHUN INI
2023,KOTA ADM. JAKARTA UTARA,TANJUNG PRIOK,TANJUNG PRIOK,Perempuan,125,MATI TAHUN INI
2023,KOTA ADM. JAKARTA UTARA,TANJUNG PRIOK,SUNTER JAYA,Perempuan,171,MATI TAHUN INI
2023,KOTA ADM. JAKARTA UTARA,TANJUNG PRIOK,PAPANGGO,Perempuan,135,MATI TAHUN INI
2023,KOTA ADM. JAKARTA UTARA,TANJUNG PRIOK,SUNGAI BAMBU,Perempuan,94,MATI TAHUN INI
2023,KOTA ADM. JAKARTA UTARA,TANJUNG PRIOK,KEBON BAWANG,Perempuan,168,MATI TAHUN INI
2023,KOTA ADM. JAKARTA UTARA,TANJUNG PRIOK,SUNTER AGUNG,Perempuan,206,MATI TAHUN INI
2023,KOTA ADM. JAKARTA UTARA,TANJUNG PRIOK,WARAKAS,Perempuan,166,MATI TAHUN INI
2023,KOTA ADM. JAKARTA UTARA,KOJA,KOJA,Perempuan,91,MATI TAHUN INI
2023,KOTA ADM. JAKARTA UTARA,KOJA,TUGU UTARA,Perempuan,235,MATI TAHUN INI
2023,KOTA ADM. JAKARTA UTARA,KOJA,LAGOA,Perempuan,226,MATI TAHUN INI
2023,KOTA ADM. JAKARTA UTARA,KOJA,RAWA BADAK UTARA,Perempuan,130,MATI TAHUN INI
2023,KOTA ADM. JAKARTA UTARA,KOJA,TUGU SELATAN,Perempuan,106,MATI TAHUN INI
2023,KOTA ADM. JAKARTA UTARA,KOJA,RAWA BADAK SELATAN,Perempuan,139,MATI TAHUN INI
2023,KOTA ADM. JAKARTA UTARA,CILINCING,CILINCING,Perempuan,146,MATI TAHUN INI
2023,KOTA ADM. JAKARTA UTARA,CILINCING,SUKAPURA,Perempuan,110,MATI TAHUN INI
2023,KOTA ADM. JAKARTA UTARA,CILINCING,MARUNDA,Perempuan,81,MATI TAHUN INI
2023,KOTA ADM. JAKARTA UTARA,CILINCING,KALIBARU,Perempuan,280,MATI TAHUN INI
2023,KOTA ADM. JAKARTA UTARA,CILINCING,SEMPER TIMUR,Perempuan,114,MATI TAHUN INI
2023,KOTA ADM. JAKARTA UTARA,CILINCING,ROROTAN,Perempuan,121,MATI TAHUN INI
2023,KOTA ADM. JAKARTA UTARA,CILINCING,SEMPER BARAT,Perempuan,222,MATI TAHUN INI
2023,KOTA ADM. JAKARTA UTARA,PADEMANGAN,PADEMANGAN TIMUR,Perempuan,135,MATI TAHUN INI
2023,KOTA ADM. JAKARTA UTARA,PADEMANGAN,PADEMANGAN BARAT,Perempuan,232,MATI TAHUN INI
2023,KOTA ADM. JAKARTA UTARA,PADEMANGAN,ANCOL,Perempuan,52,MATI TAHUN INI
2023,KOTA ADM. JAKARTA UTARA,KELAPA GADING,KELAPA GADING TIMUR,Perempuan,90,MATI TAHUN INI
2023,KOTA ADM. JAKARTA UTARA,KELAPA GADING,PEGANGSAAN DUA,Perempuan,103,MATI TAHUN INI
2023,KOTA ADM. JAKARTA UTARA,KELAPA GADING,KELAPA GADING BARAT,Perempuan,84,MATI TAHUN INI
2023,KOTA ADM. JAKARTA BARAT,CENGKARENG,CENGKARENG BARAT,Perempuan,192,MATI TAHUN INI
2023,KOTA ADM. JAKARTA BARAT,CENGKARENG,DURI KOSAMBI,Perempuan,198,MATI TAHUN INI
2023,KOTA ADM. JAKARTA BARAT,CENGKARENG,RAWA BUAYA,Perempuan,120,MATI TAHUN INI
2023,KOTA ADM. JAKARTA BARAT,CENGKARENG,KEDAUNG KALI ANGKE,Perempuan,64,MATI TAHUN INI
2023,KOTA ADM. JAKARTA BARAT,CENGKARENG,KAPUK,Perempuan,257,MATI TAHUN INI
2023,KOTA ADM. JAKARTA BARAT,CENGKARENG,CENGKARENG TIMUR,Perempuan,183,MATI TAHUN INI
2023,KOTA ADM. JAKARTA BARAT,GROGOL PETAMBURAN,GROGOL,Perempuan,61,MATI TAHUN INI
2023,KOTA ADM. JAKARTA BARAT,GROGOL PETAMBURAN,TANJUNG DUREN UTARA,Perempuan,66,MATI TAHUN INI
2023,KOTA ADM. JAKARTA BARAT,GROGOL PETAMBURAN,TOMANG,Perempuan,103,MATI TAHUN INI
2023,KOTA ADM. JAKARTA BARAT,GROGOL PETAMBURAN,JELAMBAR,Perempuan,100,MATI TAHUN INI
2023,KOTA ADM. JAKARTA BARAT,GROGOL PETAMBURAN,TANJUNG DUREN SELATAN,Perempuan,79,MATI TAHUN INI
2023,KOTA ADM. JAKARTA BARAT,GROGOL PETAMBURAN,JELAMBAR BARU,Perempuan,131,MATI TAHUN INI
2023,KOTA ADM. JAKARTA BARAT,GROGOL PETAMBURAN,WIJAYA KUSUMA,Perempuan,95,MATI TAHUN INI
2023,KOTA ADM. JAKARTA BARAT,TAMAN SARI,TAMAN SARI,Perempuan,67,MATI TAHUN INI
2023,KOTA ADM. JAKARTA BARAT,TAMAN SARI,KRUKUT,Perempuan,84,MATI TAHUN INI
2023,KOTA ADM. JAKARTA BARAT,TAMAN SARI,MAPHAR,Perempuan,57,MATI TAHUN INI
2023,KOTA ADM. JAKARTA BARAT,TAMAN SARI,TANGKI,Perempuan,55,MATI TAHUN INI
2023,KOTA ADM. JAKARTA BARAT,TAMAN SARI,MANGGA BESAR,Perempuan,28,MATI TAHUN INI
2023,KOTA ADM. JAKARTA BARAT,TAMAN SARI,KEAGUNGAN,Perempuan,65,MATI TAHUN INI
2023,KOTA ADM. JAKARTA BARAT,TAMAN SARI,GLODOK,Perempuan,37,MATI TAHUN INI
2023,KOTA ADM. JAKARTA BARAT,TAMAN SARI,PINANGSIA,Perempuan,52,MATI TAHUN INI
2023,KOTA ADM. JAKARTA BARAT,TAMBORA,TAMBORA,Perempuan,30,MATI TAHUN INI
2023,KOTA ADM. JAKARTA BARAT,TAMBORA,KALI ANYAR,Perempuan,91,MATI TAHUN INI
2023,KOTA ADM. JAKARTA BARAT,TAMBORA,DURI UTARA,Perempuan,54,MATI TAHUN INI
2023,KOTA ADM. JAKARTA BARAT,TAMBORA,TANAH SEREAL,Perempuan,66,MATI TAHUN INI
2023,KOTA ADM. JAKARTA BARAT,TAMBORA,KRENDANG,Perempuan,50,MATI TAHUN INI
2023,KOTA ADM. JAKARTA BARAT,TAMBORA,JEMBATAN BESI,Perempuan,77,MATI TAHUN INI
2023,KOTA ADM. JAKARTA BARAT,TAMBORA,ANGKE,Perempuan,98,MATI TAHUN INI
2023,KOTA ADM. JAKARTA BARAT,TAMBORA,JEMBATAN LIMA,Perempuan,69,MATI TAHUN INI
2023,KOTA ADM. JAKARTA BARAT,TAMBORA,PEKOJAN,Perempuan,91,MATI TAHUN INI
2023,KOTA ADM. JAKARTA BARAT,TAMBORA,ROA MALAKA,Perempuan,14,MATI TAHUN INI
2023,KOTA ADM. JAKARTA BARAT,TAMBORA,DURI SELATAN,Perempuan,63,MATI TAHUN INI
2023,KOTA ADM. JAKARTA BARAT,KEBON JERUK,KEBON JERUK,Perempuan,140,MATI TAHUN INI
2023,KOTA ADM. JAKARTA BARAT,KEBON JERUK,SUKABUMI UTARA,Perempuan,102,MATI TAHUN INI
2023,KOTA ADM. JAKARTA BARAT,KEBON JERUK,SUKABUMI SELATAN,Perempuan,102,MATI TAHUN INI
2023,KOTA ADM. JAKARTA BARAT,KEBON JERUK,KELAPA DUA,Perempuan,71,MATI TAHUN INI
2023,KOTA ADM. JAKARTA BARAT,KEBON JERUK,DURI KEPA,Perempuan,145,MATI TAHUN INI
2023,KOTA ADM. JAKARTA BARAT,KEBON JERUK,KEDOYA UTARA,Perempuan,80,MATI TAHUN INI
2023,KOTA ADM. JAKARTA BARAT,KEBON JERUK,KEDOYA SELATAN,Perempuan,82,MATI TAHUN INI
2023,KOTA ADM. JAKARTA BARAT,KALIDERES,KALIDERES,Perempuan,150,MATI TAHUN INI
2023,KOTA ADM. JAKARTA BARAT,KALIDERES,SEMANAN,Perempuan,157,MATI TAHUN INI
2023,KOTA ADM. JAKARTA BARAT,KALIDERES,TEGAL ALUR,Perempuan,186,MATI TAHUN INI
2023,KOTA ADM. JAKARTA BARAT,KALIDERES,KAMAL,Perempuan,93,MATI TAHUN INI
2023,KOTA ADM. JAKARTA BARAT,KALIDERES,PEGADUNGAN,Perempuan,143,MATI TAHUN INI
2023,KOTA ADM. JAKARTA BARAT,PAL MERAH,PALMERAH,Perempuan,232,MATI TAHUN INI
2023,KOTA ADM. JAKARTA BARAT,PAL MERAH,SLIPI,Perempuan,61,MATI TAHUN INI
2023,KOTA ADM. JAKARTA BARAT,PAL MERAH,KOTA BAMBU UTARA,Perempuan,84,MATI TAHUN INI
2023,KOTA ADM. JAKARTA BARAT,PAL MERAH,JATIPULO,Perempuan,121,MATI TAHUN INI
2023,KOTA ADM. JAKARTA BARAT,PAL MERAH,KEMANGGISAN,Perempuan,111,MATI TAHUN INI
2023,KOTA ADM. JAKARTA BARAT,PAL MERAH,KOTA BAMBU SELATAN,Perempuan,72,MATI TAHUN INI
2023,KOTA ADM. JAKARTA BARAT,KEMBANGAN,KEMBANGAN UTARA,Perempuan,116,MATI TAHUN INI
2023,KOTA ADM. JAKARTA BARAT,KEMBANGAN,MERUYA UTARA,Perempuan,100,MATI TAHUN INI
2023,KOTA ADM. JAKARTA BARAT,KEMBANGAN,MERUYA SELATAN,Perempuan,71,MATI TAHUN INI
2023,KOTA ADM. JAKARTA BARAT,KEMBANGAN,SRENGSENG,Perempuan,111,MATI TAHUN INI
2023,KOTA ADM. JAKARTA BARAT,KEMBANGAN,JOGLO,Perempuan,112,MATI TAHUN INI
2023,KOTA ADM. JAKARTA BARAT,KEMBANGAN,KEMBANGAN SELATAN,Perempuan,53,MATI TAHUN INI
2023,KOTA ADM. JAKARTA SELATAN,TEBET,TEBET TIMUR,Perempuan,60,MATI TAHUN INI
2023,KOTA ADM. JAKARTA SELATAN,TEBET,TEBET BARAT,Perempuan,69,MATI TAHUN INI
2023,KOTA ADM. JAKARTA BARAT,GROGOL PETAMBURAN,WIJAYA KUSUMA,Laki-Laki,50,MATI LUAR TAHUN INI
2023,KOTA ADM. JAKARTA BARAT,TAMAN SARI,TAMAN SARI,Laki-Laki,20,MATI LUAR TAHUN INI
2023,KOTA ADM. JAKARTA BARAT,TAMAN SARI,KRUKUT,Laki-Laki,43,MATI LUAR TAHUN INI
2023,KOTA ADM. JAKARTA BARAT,TAMAN SARI,MAPHAR,Laki-Laki,16,MATI LUAR TAHUN INI
2023,KOTA ADM. JAKARTA BARAT,TAMAN SARI,TANGKI,Laki-Laki,10,MATI LUAR TAHUN INI
2023,KOTA ADM. JAKARTA BARAT,TAMAN SARI,MANGGA BESAR,Laki-Laki,7,MATI LUAR TAHUN INI
2023,KOTA ADM. JAKARTA BARAT,TAMAN SARI,KEAGUNGAN,Laki-Laki,27,MATI LUAR TAHUN INI
2023,KOTA ADM. JAKARTA BARAT,TAMAN SARI,GLODOK,Laki-Laki,9,MATI LUAR TAHUN INI
2023,KOTA ADM. JAKARTA BARAT,TAMAN SARI,PINANGSIA,Laki-Laki,13,MATI LUAR TAHUN INI
2023,KOTA ADM. JAKARTA BARAT,TAMBORA,TAMBORA,Laki-Laki,20,MATI LUAR TAHUN INI
2023,KOTA ADM. JAKARTA BARAT,TAMBORA,KALI ANYAR,Laki-Laki,35,MATI LUAR TAHUN INI
2023,KOTA ADM. JAKARTA BARAT,TAMBORA,DURI UTARA,Laki-Laki,23,MATI LUAR TAHUN INI
2023,KOTA ADM. JAKARTA BARAT,TAMBORA,TANAH SEREAL,Laki-Laki,51,MATI LUAR TAHUN INI
2023,KOTA ADM. JAKARTA BARAT,TAMBORA,KRENDANG,Laki-Laki,30,MATI LUAR TAHUN INI
2023,KOTA ADM. JAKARTA BARAT,TAMBORA,JEMBATAN BESI,Laki-Laki,51,MATI LUAR TAHUN INI
2023,KOTA ADM. JAKARTA BARAT,TAMBORA,ANGKE,Laki-Laki,32,MATI LUAR TAHUN INI
2023,KOTA ADM. JAKARTA BARAT,TAMBORA,JEMBATAN LIMA,Laki-Laki,56,MATI LUAR TAHUN INI
2023,KOTA ADM. JAKARTA BARAT,TAMBORA,PEKOJAN,Laki-Laki,35,MATI LUAR TAHUN INI
2023,KOTA ADM. JAKARTA BARAT,TAMBORA,ROA MALAKA,Laki-Laki,8,MATI LUAR TAHUN INI
2023,KOTA ADM. JAKARTA BARAT,TAMBORA,DURI SELATAN,Laki-Laki,12,MATI LUAR TAHUN INI
2023,KOTA ADM. JAKARTA BARAT,KEBON JERUK,KEBON JERUK,Laki-Laki,98,MATI LUAR TAHUN INI
2023,KOTA ADM. JAKARTA BARAT,KEBON JERUK,SUKABUMI UTARA,Laki-Laki,97,MATI LUAR TAHUN INI
2023,KOTA ADM. JAKARTA BARAT,KEBON JERUK,SUKABUMI SELATAN,Laki-Laki,50,MATI LUAR TAHUN INI
2023,KOTA ADM. JAKARTA BARAT,KEBON JERUK,KELAPA DUA,Laki-Laki,55,MATI LUAR TAHUN INI
2023,KOTA ADM. JAKARTA BARAT,KEBON JERUK,DURI KEPA,Laki-Laki,76,MATI LUAR TAHUN INI
2023,KOTA ADM. JAKARTA BARAT,KEBON JERUK,KEDOYA UTARA,Laki-Laki,74,MATI LUAR TAHUN INI
2023,KOTA ADM. JAKARTA BARAT,KEBON JERUK,KEDOYA SELATAN,Laki-Laki,46,MATI LUAR TAHUN INI
2023,KOTA ADM. JAKARTA BARAT,KALIDERES,KALIDERES,Laki-Laki,108,MATI LUAR TAHUN INI
2023,KOTA ADM. JAKARTA BARAT,KALIDERES,SEMANAN,Laki-Laki,83,MATI LUAR TAHUN INI
2023,KOTA ADM. JAKARTA BARAT,KALIDERES,TEGAL ALUR,Laki-Laki,156,MATI LUAR TAHUN INI
2023,KOTA ADM. JAKARTA BARAT,KALIDERES,KAMAL,Laki-Laki,104,MATI LUAR TAHUN INI
2023,KOTA ADM. JAKARTA BARAT,KALIDERES,PEGADUNGAN,Laki-Laki,92,MATI LUAR TAHUN INI
2023,KOTA ADM. JAKARTA BARAT,PAL MERAH,PALMERAH,Laki-Laki,96,MATI LUAR TAHUN INI
2023,KOTA ADM. JAKARTA BARAT,PAL MERAH,SLIPI,Laki-Laki,14,MATI LUAR TAHUN INI
2023,KOTA ADM. JAKARTA BARAT,PAL MERAH,KOTA BAMBU UTARA,Laki-Laki,29,MATI LUAR TAHUN INI
2023,KOTA ADM. JAKARTA BARAT,PAL MERAH,JATIPULO,Laki-Laki,59,MATI LUAR TAHUN INI
2023,KOTA ADM. JAKARTA BARAT,PAL MERAH,KEMANGGISAN,Laki-Laki,67,MATI LUAR TAHUN INI
2023,KOTA ADM. JAKARTA BARAT,PAL MERAH,KOTA BAMBU SELATAN,Laki-Laki,23,MATI LUAR TAHUN INI
2023,KOTA ADM. JAKARTA BARAT,KEMBANGAN,KEMBANGAN UTARA,Laki-Laki,98,MATI LUAR TAHUN INI
2023,KOTA ADM. JAKARTA BARAT,KEMBANGAN,MERUYA UTARA,Laki-Laki,51,MATI LUAR TAHUN INI
2023,KOTA ADM. JAKARTA BARAT,KEMBANGAN,MERUYA SELATAN,Laki-Laki,63,MATI LUAR TAHUN INI
2023,KOTA ADM. JAKARTA BARAT,KEMBANGAN,SRENGSENG,Laki-Laki,67,MATI LUAR TAHUN INI
2023,KOTA ADM. JAKARTA BARAT,KEMBANGAN,JOGLO,Laki-Laki,76,MATI LUAR TAHUN INI
2023,KOTA ADM. JAKARTA BARAT,KEMBANGAN,KEMBANGAN SELATAN,Laki-Laki,58,MATI LUAR TAHUN INI
2023,KAB. ADM. KEP. SERIBU,KEPULAUAN SERIBU UTARA,PULAU PANGGANG,Perempuan,17,MATI LUAR TAHUN INI
2023,KAB. ADM. KEP. SERIBU,KEPULAUAN SERIBU UTARA,PULAU KELAPA,Perempuan,15,MATI LUAR TAHUN INI
2023,KAB. ADM. KEP. SERIBU,KEPULAUAN SERIBU UTARA,PULAU HARAPAN,Perempuan,7,MATI LUAR TAHUN INI
2023,KAB. ADM. KEP. SERIBU,KEPULAUAN SERIBU SELATAN,PULAU UNTUNG JAWA,Perempuan,6,MATI LUAR TAHUN INI
2023,KAB. ADM. KEP. SERIBU,KEPULAUAN SERIBU SELATAN,PULAU TIDUNG,Perempuan,15,MATI LUAR TAHUN INI
2023,KAB. ADM. KEP. SERIBU,KEPULAUAN SERIBU SELATAN,PULAU PARI,Perempuan,3,MATI LUAR TAHUN INI
2023,KOTA ADM. JAKARTA PUSAT,GAMBIR,GAMBIR,Perempuan,3,MATI LUAR TAHUN INI
2023,KOTA ADM. JAKARTA PUSAT,GAMBIR,CIDENG,Perempuan,22,MATI LUAR TAHUN INI
2023,KOTA ADM. JAKARTA PUSAT,GAMBIR,PETOJO UTARA,Perempuan,17,MATI LUAR TAHUN INI
2023,KOTA ADM. JAKARTA PUSAT,GAMBIR,PETOJO SELATAN,Perempuan,15,MATI LUAR TAHUN INI
2023,KOTA ADM. JAKARTA PUSAT,GAMBIR,KEBON KELAPA,Perempuan,8,MATI LUAR TAHUN INI
2023,KOTA ADM. JAKARTA PUSAT,GAMBIR,DURI PULO,Perempuan,36,MATI LUAR TAHUN INI
2023,KOTA ADM. JAKARTA PUSAT,SAWAH BESAR,PASAR BARU,Perempuan,21,MATI LUAR TAHUN INI
2023,KOTA ADM. JAKARTA PUSAT,SAWAH BESAR,KARANG ANYAR,Perempuan,56,MATI LUAR TAHUN INI
2023,KOTA ADM. JAKARTA PUSAT,SAWAH BESAR,KARTINI,Perempuan,36,MATI LUAR TAHUN INI
2023,KOTA ADM. JAKARTA PUSAT,SAWAH BESAR,GUNUNG SAHARI UTARA,Perempuan,24,MATI LUAR TAHUN INI
2023,KOTA ADM. JAKARTA PUSAT,SAWAH BESAR,MANGGA DUA SELATAN,Perempuan,37,MATI LUAR TAHUN INI
2023,KOTA ADM. JAKARTA PUSAT,KEMAYORAN,KEMAYORAN,Perempuan,25,MATI LUAR TAHUN INI
2023,KOTA ADM. JAKARTA PUSAT,KEMAYORAN,KEBON KOSONG,Perempuan,39,MATI LUAR TAHUN INI
2023,KOTA ADM. JAKARTA PUSAT,KEMAYORAN,HARAPAN MULIA,Perempuan,59,MATI LUAR TAHUN INI
2023,KOTA ADM. JAKARTA PUSAT,KEMAYORAN,SERDANG,Perempuan,75,MATI LUAR TAHUN INI
2023,KOTA ADM. JAKARTA PUSAT,KEMAYORAN,GUNUNG SAHARI SELATAN,Perempuan,28,MATI LUAR TAHUN INI
2023,KOTA ADM. JAKARTA PUSAT,KEMAYORAN,CEMPAKA BARU,Perempuan,65,MATI LUAR TAHUN INI
2023,KOTA ADM. JAKARTA PUSAT,KEMAYORAN,SUMUR BATU,Perempuan,48,MATI LUAR TAHUN INI
2023,KOTA ADM. JAKARTA PUSAT,KEMAYORAN,UTAN PANJANG,Perempuan,57,MATI LUAR TAHUN INI
2023,KOTA ADM. JAKARTA PUSAT,SENEN,SENEN,Perempuan,7,MATI LUAR TAHUN INI
2023,KOTA ADM. JAKARTA PUSAT,SENEN,KENARI,Perempuan,20,MATI LUAR TAHUN INI
2023,KOTA ADM. JAKARTA PUSAT,SENEN,PASEBAN,Perempuan,62,MATI LUAR TAHUN INI
2023,KOTA ADM. JAKARTA PUSAT,SENEN,KRAMAT,Perempuan,44,MATI LUAR TAHUN INI
2023,KOTA ADM. JAKARTA PUSAT,SENEN,KWITANG,Perempuan,20,MATI LUAR TAHUN INI
2023,KOTA ADM. JAKARTA PUSAT,SENEN,BUNGUR,Perempuan,20,MATI LUAR TAHUN INI
2023,KOTA ADM. JAKARTA PUSAT,CEMPAKA PUTIH,CEMPAKA PUTIH TIMUR,Perempuan,63,MATI LUAR TAHUN INI
2023,KOTA ADM. JAKARTA PUSAT,CEMPAKA PUTIH,CEMPAKA PUTIH BARAT,Perempuan,97,MATI LUAR TAHUN INI
2023,KOTA ADM. JAKARTA PUSAT,CEMPAKA PUTIH,RAWASARI,Perempuan,50,MATI LUAR TAHUN INI
2023,KOTA ADM. JAKARTA PUSAT,MENTENG,MENTENG,Perempuan,48,MATI LUAR TAHUN INI
2023,KOTA ADM. JAKARTA PUSAT,MENTENG,PEGANGSAAN,Perempuan,24,MATI LUAR TAHUN INI
2023,KOTA ADM. JAKARTA PUSAT,MENTENG,CIKINI,Perempuan,13,MATI LUAR TAHUN INI
2023,KOTA ADM. JAKARTA PUSAT,MENTENG,GONDANGDIA,Perempuan,4,MATI LUAR TAHUN INI
2023,KOTA ADM. JAKARTA PUSAT,MENTENG,KEBON SIRIH,Perempuan,22,MATI LUAR TAHUN INI
2023,KOTA ADM. JAKARTA PUSAT,TANAH ABANG,GELORA,Perempuan,5,MATI LUAR TAHUN INI
2023,KOTA ADM. JAKARTA PUSAT,TANAH ABANG,BENDUNGAN HILIR,Perempuan,30,MATI LUAR TAHUN INI
2023,KOTA ADM. JAKARTA PUSAT,TANAH ABANG,KARET TENGSIN,Perempuan,25,MATI LUAR TAHUN INI
2023,KOTA ADM. JAKARTA PUSAT,TANAH ABANG,PETAMBURAN,Perempuan,49,MATI LUAR TAHUN INI
2023,KOTA ADM. JAKARTA PUSAT,TANAH ABANG,KEBON MELATI,Perempuan,43,MATI LUAR TAHUN INI
2023,KOTA ADM. JAKARTA PUSAT,TANAH ABANG,KEBON KACANG,Perempuan,42,MATI LUAR TAHUN INI
2023,KOTA ADM. JAKARTA PUSAT,TANAH ABANG,KAMPUNG BALI,Perempuan,16,MATI LUAR TAHUN INI
2023,KOTA ADM. JAKARTA PUSAT,JOHAR BARU,JOHAR BARU,Perempuan,97,MATI LUAR TAHUN INI
2023,KOTA ADM. JAKARTA PUSAT,JOHAR BARU,KAMPUNG RAWA,Perempuan,47,MATI LUAR TAHUN INI
2023,KOTA ADM. JAKARTA PUSAT,JOHAR BARU,GALUR,Perempuan,43,MATI LUAR TAHUN INI
2023,KOTA ADM. JAKARTA PUSAT,JOHAR BARU,TANAH TINGGI,Perempuan,55,MATI LUAR TAHUN INI
2023,KOTA ADM. JAKARTA UTARA,PENJARINGAN,PENJARINGAN,Perempuan,85,MATI LUAR TAHUN INI
2023,KOTA ADM. JAKARTA UTARA,PENJARINGAN,KAMAL MUARA,Perempuan,8,MATI LUAR TAHUN INI
2023,KOTA ADM. JAKARTA UTARA,PENJARINGAN,KAPUK MUARA,Perempuan,18,MATI LUAR TAHUN INI
2023,KOTA ADM. JAKARTA UTARA,PENJARINGAN,PEJAGALAN,Perempuan,68,MATI LUAR TAHUN INI
2023,KOTA ADM. JAKARTA UTARA,PENJARINGAN,PLUIT,Perempuan,21,MATI LUAR TAHUN INI
2023,KOTA ADM. JAKARTA UTARA,TANJUNG PRIOK,TANJUNG PRIOK,Perempuan,57,MATI LUAR TAHUN INI
2023,KOTA ADM. JAKARTA UTARA,TANJUNG PRIOK,SUNTER JAYA,Perempuan,92,MATI LUAR TAHUN INI
2023,KOTA ADM. JAKARTA UTARA,TANJUNG PRIOK,PAPANGGO,Perempuan,78,MATI LUAR TAHUN INI
2023,KOTA ADM. JAKARTA UTARA,TANJUNG PRIOK,SUNGAI BAMBU,Perempuan,41,MATI LUAR TAHUN INI
2023,KOTA ADM. JAKARTA UTARA,TANJUNG PRIOK,KEBON BAWANG,Perempuan,84,MATI LUAR TAHUN INI
2023,KOTA ADM. JAKARTA UTARA,TANJUNG PRIOK,SUNTER AGUNG,Perempuan,104,MATI LUAR TAHUN INI
2023,KOTA ADM. JAKARTA UTARA,TANJUNG PRIOK,WARAKAS,Perempuan,80,MATI LUAR TAHUN INI
2023,KOTA ADM. JAKARTA UTARA,KOJA,KOJA,Perempuan,35,MATI LUAR TAHUN INI
2023,KOTA ADM. JAKARTA UTARA,KOJA,TUGU UTARA,Perempuan,101,MATI LUAR TAHUN INI
2023,KOTA ADM. JAKARTA UTARA,KOJA,LAGOA,Perempuan,87,MATI LUAR TAHUN INI
2023,KOTA ADM. JAKARTA UTARA,KOJA,RAWA BADAK UTARA,Perempuan,62,MATI LUAR TAHUN INI
2023,KOTA ADM. JAKARTA UTARA,KOJA,TUGU SELATAN,Perempuan,32,MATI LUAR TAHUN INI
2023,KOTA ADM. JAKARTA UTARA,KOJA,RAWA BADAK SELATAN,Perempuan,54,MATI LUAR TAHUN INI
2023,KOTA ADM. JAKARTA UTARA,CILINCING,CILINCING,Perempuan,54,MATI LUAR TAHUN INI
2023,KOTA ADM. JAKARTA UTARA,CILINCING,SUKAPURA,Perempuan,83,MATI LUAR TAHUN INI
2023,KOTA ADM. JAKARTA UTARA,CILINCING,MARUNDA,Perempuan,43,MATI LUAR TAHUN INI
2023,KOTA ADM. JAKARTA UTARA,CILINCING,KALIBARU,Perempuan,79,MATI LUAR TAHUN INI
2023,KOTA ADM. JAKARTA UTARA,CILINCING,SEMPER TIMUR,Perempuan,43,MATI LUAR TAHUN INI
2023,KOTA ADM. JAKARTA UTARA,CILINCING,ROROTAN,Perempuan,55,MATI LUAR TAHUN INI
2023,KOTA ADM. JAKARTA UTARA,CILINCING,SEMPER BARAT,Perempuan,84,MATI LUAR TAHUN INI
2023,KOTA ADM. JAKARTA UTARA,PADEMANGAN,PADEMANGAN TIMUR,Perempuan,45,MATI LUAR TAHUN INI
2023,KOTA ADM. JAKARTA UTARA,PADEMANGAN,PADEMANGAN BARAT,Perempuan,163,MATI LUAR TAHUN INI
2023,KOTA ADM. JAKARTA UTARA,PADEMANGAN,ANCOL,Perempuan,23,MATI LUAR TAHUN INI
2023,KOTA ADM. JAKARTA UTARA,KELAPA GADING,KELAPA GADING TIMUR,Perempuan,20,MATI LUAR TAHUN INI
2023,KOTA ADM. JAKARTA UTARA,KELAPA GADING,PEGANGSAAN DUA,Perempuan,48,MATI LUAR TAHUN INI
2023,KOTA ADM. JAKARTA UTARA,KELAPA GADING,KELAPA GADING BARAT,Perempuan,44,MATI LUAR TAHUN INI
2023,KOTA ADM. JAKARTA BARAT,CENGKARENG,CENGKARENG BARAT,Perempuan,52,MATI LUAR TAHUN INI
2023,KOTA ADM. JAKARTA BARAT,CENGKARENG,DURI KOSAMBI,Perempuan,120,MATI LUAR TAHUN INI
2023,KOTA ADM. JAKARTA BARAT,CENGKARENG,RAWA BUAYA,Perempuan,65,MATI LUAR TAHUN INI
2023,KOTA ADM. JAKARTA BARAT,CENGKARENG,KEDAUNG KALI ANGKE,Perempuan,25,MATI LUAR TAHUN INI
2023,KOTA ADM. JAKARTA BARAT,CENGKARENG,KAPUK,Perempuan,160,MATI LUAR TAHUN INI
2023,KOTA ADM. JAKARTA BARAT,CENGKARENG,CENGKARENG TIMUR,Perempuan,95,MATI LUAR TAHUN INI
2023,KOTA ADM. JAKARTA BARAT,GROGOL PETAMBURAN,GROGOL,Perempuan,26,MATI LUAR TAHUN INI
2023,KOTA ADM. JAKARTA SELATAN,TEBET,TEBET TIMUR,Laki-Laki,48,MATI LUAR TAHUN INI
2023,KOTA ADM. JAKARTA SELATAN,TEBET,TEBET BARAT,Laki-Laki,45,MATI LUAR TAHUN INI
2023,KOTA ADM. JAKARTA SELATAN,TEBET,MENTENG DALAM,Laki-Laki,96,MATI LUAR TAHUN INI
2023,KOTA ADM. JAKARTA SELATAN,TEBET,KEBON BARU,Laki-Laki,63,MATI LUAR TAHUN INI
2023,KOTA ADM. JAKARTA SELATAN,TEBET,BUKIT DURI,Laki-Laki,68,MATI LUAR TAHUN INI
2023,KOTA ADM. JAKARTA SELATAN,TEBET,MANGGARAI SELATAN,Laki-Laki,31,MATI LUAR TAHUN INI
2023,KOTA ADM. JAKARTA SELATAN,TEBET,MANGGARAI,Laki-Laki,41,MATI LUAR TAHUN INI
2023,KOTA ADM. JAKARTA SELATAN,SETIABUDI,SETIA BUDI,Laki-Laki,7,MATI LUAR TAHUN INI
2023,KOTA ADM. JAKARTA SELATAN,SETIABUDI,KARET SEMANGGI,Laki-Laki,3,MATI LUAR TAHUN INI
2023,KOTA ADM. JAKARTA SELATAN,SETIABUDI,KARET KUNINGAN,Laki-Laki,36,MATI LUAR TAHUN INI
2023,KOTA ADM. JAKARTA SELATAN,SETIABUDI,KARET,Laki-Laki,29,MATI LUAR TAHUN INI
2023,KOTA ADM. JAKARTA SELATAN,SETIABUDI,MENTENG ATAS,Laki-Laki,74,MATI LUAR TAHUN INI
2023,KOTA ADM. JAKARTA SELATAN,SETIABUDI,PASAR MANGGIS,Laki-Laki,84,MATI LUAR TAHUN INI
2023,KOTA ADM. JAKARTA SELATAN,SETIABUDI,GUNTUR,Laki-Laki,13,MATI LUAR TAHUN INI
2023,KOTA ADM. JAKARTA SELATAN,SETIABUDI,KUNINGAN TIMUR,Laki-Laki,18,MATI LUAR TAHUN INI
2023,KOTA ADM. JAKARTA SELATAN,MAMPANG PRAPATAN,MAMPANG PRAPATAN,Laki-Laki,47,MATI LUAR TAHUN INI
2023,KOTA ADM. JAKARTA SELATAN,MAMPANG PRAPATAN,BANGKA,Laki-Laki,47,MATI LUAR TAHUN INI
2023,KOTA ADM. JAKARTA SELATAN,MAMPANG PRAPATAN,PELA MAMPANG,Laki-Laki,106,MATI LUAR TAHUN INI
2023,KOTA ADM. JAKARTA SELATAN,MAMPANG PRAPATAN,TEGAL PARANG,Laki-Laki,76,MATI LUAR TAHUN INI
2023,KOTA ADM. JAKARTA SELATAN,MAMPANG PRAPATAN,KUNINGAN BARAT,Laki-Laki,47,MATI LUAR TAHUN INI
2023,KOTA ADM. JAKARTA SELATAN,PASAR MINGGU,PASAR MINGGU,Laki-Laki,67,MATI LUAR TAHUN INI
2023,KOTA ADM. JAKARTA SELATAN,PASAR MINGGU,JATI PADANG,Laki-Laki,67,MATI LUAR TAHUN INI
2023,KOTA ADM. JAKARTA SELATAN,PASAR MINGGU,CILANDAK TIMUR,Laki-Laki,46,MATI LUAR TAHUN INI
2023,KOTA ADM. JAKARTA SELATAN,PASAR MINGGU,RAGUNAN,Laki-Laki,58,MATI LUAR TAHUN INI
2023,KOTA ADM. JAKARTA SELATAN,PASAR MINGGU,PEJATEN TIMUR,Laki-Laki,86,MATI LUAR TAHUN INI
2023,KOTA ADM. JAKARTA SELATAN,PASAR MINGGU,PEJATEN BARAT,Laki-Laki,92,MATI LUAR TAHUN INI
2023,KOTA ADM. JAKARTA SELATAN,PASAR MINGGU,KEBAGUSAN,Laki-Laki,123,MATI LUAR TAHUN INI
2023,KOTA ADM. JAKARTA SELATAN,KEBAYORAN LAMA,KEBAYORAN LAMA UTARA,Laki-Laki,75,MATI LUAR TAHUN INI
2023,KOTA ADM. JAKARTA SELATAN,KEBAYORAN LAMA,PONDOK PINANG,Laki-Laki,129,MATI LUAR TAHUN INI
2023,KOTA ADM. JAKARTA SELATAN,KEBAYORAN LAMA,CIPULIR,Laki-Laki,87,MATI LUAR TAHUN INI
2023,KOTA ADM. JAKARTA SELATAN,KEBAYORAN LAMA,GROGOL UTARA,Laki-Laki,113,MATI LUAR TAHUN INI
2023,KOTA ADM. JAKARTA SELATAN,KEBAYORAN LAMA,GROGOL SELATAN,Laki-Laki,107,MATI LUAR TAHUN INI
2023,KOTA ADM. JAKARTA SELATAN,KEBAYORAN LAMA,KEBAYORAN LAMA SELATAN,Laki-Laki,97,MATI LUAR TAHUN INI
2023,KOTA ADM. JAKARTA SELATAN,CILANDAK,CILANDAK BARAT,Laki-Laki,179,MATI LUAR TAHUN INI
2023,KOTA ADM. JAKARTA SELATAN,CILANDAK,LEBAK BULUS,Laki-Laki,107,MATI LUAR TAHUN INI
2023,KOTA ADM. JAKARTA SELATAN,CILANDAK,PONDOK LABU,Laki-Laki,169,MATI LUAR TAHUN INI
2023,KOTA ADM. JAKARTA SELATAN,CILANDAK,GANDARIA SELATAN,Laki-Laki,105,MATI LUAR TAHUN INI
2023,KOTA ADM. JAKARTA SELATAN,CILANDAK,CIPETE SELATAN,Laki-Laki,88,MATI LUAR TAHUN INI
2023,KOTA ADM. JAKARTA SELATAN,KEBAYORAN BARU,MELAWAI,Laki-Laki,7,MATI LUAR TAHUN INI
2023,KOTA ADM. JAKARTA SELATAN,KEBAYORAN BARU,GUNUNG,Laki-Laki,58,MATI LUAR TAHUN INI
2023,KOTA ADM. JAKARTA SELATAN,KEBAYORAN BARU,KRAMAT PELA,Laki-Laki,42,MATI LUAR TAHUN INI
2023,KOTA ADM. JAKARTA SELATAN,KEBAYORAN BARU,SELONG,Laki-Laki,15,MATI LUAR TAHUN INI
2023,KOTA ADM. JAKARTA SELATAN,KEBAYORAN BARU,RAWA BARAT,Laki-Laki,16,MATI LUAR TAHUN INI
2023,KOTA ADM. JAKARTA SELATAN,KEBAYORAN BARU,SENAYAN,Laki-Laki,11,MATI LUAR TAHUN INI
2023,KOTA ADM. JAKARTA SELATAN,KEBAYORAN BARU,PULO,Laki-Laki,24,MATI LUAR TAHUN INI
2023,KOTA ADM. JAKARTA SELATAN,KEBAYORAN BARU,PETOGOGAN,Laki-Laki,27,MATI LUAR TAHUN INI
2023,KOTA ADM. JAKARTA SELATAN,KEBAYORAN BARU,GANDARIA UTARA,Laki-Laki,114,MATI LUAR TAHUN INI
2023,KOTA ADM. JAKARTA SELATAN,KEBAYORAN BARU,CIPETE UTARA,Laki-Laki,106,MATI LUAR TAHUN INI
2023,KOTA ADM. JAKARTA SELATAN,PANCORAN,PANCORAN,Laki-Laki,55,MATI LUAR TAHUN INI
2023,KOTA ADM. JAKARTA SELATAN,PANCORAN,KALIBATA,Laki-Laki,154,MATI LUAR TAHUN INI
2023,KOTA ADM. JAKARTA SELATAN,PANCORAN,RAWAJATI,Laki-Laki,34,MATI LUAR TAHUN INI
2023,KOTA ADM. JAKARTA SELATAN,PANCORAN,DUREN TIGA,Laki-Laki,80,MATI LUAR TAHUN INI
2023,KOTA ADM. JAKARTA SELATAN,PANCORAN,PENGADEGAN,Laki-Laki,90,MATI LUAR TAHUN INI
2023,KOTA ADM. JAKARTA SELATAN,PANCORAN,CIKOKO,Laki-Laki,21,MATI LUAR TAHUN INI
2023,KOTA ADM. JAKARTA SELATAN,JAGAKARSA,JAGAKARSA,Laki-Laki,185,MATI LUAR TAHUN INI
2023,KOTA ADM. JAKARTA SELATAN,JAGAKARSA,SRENGSENG SAWAH,Laki-Laki,117,MATI LUAR TAHUN INI
2023,KOTA ADM. JAKARTA SELATAN,JAGAKARSA,CIGANJUR,Laki-Laki,102,MATI LUAR TAHUN INI
2023,KOTA ADM. JAKARTA SELATAN,JAGAKARSA,LENTENG AGUNG,Laki-Laki,120,MATI LUAR TAHUN INI
2023,KOTA ADM. JAKARTA SELATAN,JAGAKARSA,TANJUNG BARAT,Laki-Laki,60,MATI LUAR TAHUN INI
2023,KOTA ADM. JAKARTA SELATAN,JAGAKARSA,CIPEDAK,Laki-Laki,79,MATI LUAR TAHUN INI
2023,KOTA ADM. JAKARTA SELATAN,PESANGGRAHAN,PESANGGRAHAN,Laki-Laki,69,MATI LUAR TAHUN INI
2023,KOTA ADM. JAKARTA SELATAN,PESANGGRAHAN,BINTARO,Laki-Laki,100,MATI LUAR TAHUN INI
2023,KOTA ADM. JAKARTA SELATAN,PESANGGRAHAN,PETUKANGAN UTARA,Laki-Laki,130,MATI LUAR TAHUN INI
2023,KOTA ADM. JAKARTA SELATAN,PESANGGRAHAN,PETUKANGAN SELATAN,Laki-Laki,80,MATI LUAR TAHUN INI
2023,KOTA ADM. JAKARTA SELATAN,PESANGGRAHAN,ULUJAMI,Laki-Laki,96,MATI LUAR TAHUN INI
2023,KOTA ADM. JAKARTA TIMUR,MATRAMAN,PISANGAN BARU,Laki-Laki,65,MATI LUAR TAHUN INI
2023,KOTA ADM. JAKARTA TIMUR,MATRAMAN,UTAN KAYU UTARA,Laki-Laki,60,MATI LUAR TAHUN INI
2023,KOTA ADM. JAKARTA TIMUR,MATRAMAN,KAYU MANIS,Laki-Laki,32,MATI LUAR TAHUN INI
2023,KOTA ADM. JAKARTA TIMUR,MATRAMAN,PALMERIAM,Laki-Laki,50,MATI LUAR TAHUN INI
2023,KOTA ADM. JAKARTA TIMUR,MATRAMAN,KEBON MANGGIS,Laki-Laki,46,MATI LUAR TAHUN INI
2023,KOTA ADM. JAKARTA TIMUR,MATRAMAN,UTAN KAYU SELATAN,Laki-Laki,76,MATI LUAR TAHUN INI
2023,KOTA ADM. JAKARTA TIMUR,PULOGADUNG,PULO GADUNG,Laki-Laki,96,MATI LUAR TAHUN INI
2023,KOTA ADM. JAKARTA TIMUR,PULOGADUNG,PISANGAN TIMUR,Laki-Laki,71,MATI LUAR TAHUN INI
2023,KOTA ADM. JAKARTA TIMUR,PULOGADUNG,CIPINANG,Laki-Laki,130,MATI LUAR TAHUN INI
2023,KOTA ADM. JAKARTA TIMUR,PULOGADUNG,JATINEGARA KAUM,Laki-Laki,96,MATI LUAR TAHUN INI
2023,KOTA ADM. JAKARTA TIMUR,PULOGADUNG,RAWAMANGUN,Laki-Laki,112,MATI LUAR TAHUN INI
2023,KOTA ADM. JAKARTA TIMUR,PULOGADUNG,KAYU PUTIH,Laki-Laki,96,MATI LUAR TAHUN INI
2023,KOTA ADM. JAKARTA TIMUR,PULOGADUNG,JATI,Laki-Laki,78,MATI LUAR TAHUN INI
2023,KOTA ADM. JAKARTA TIMUR,JATINEGARA,KAMPUNG MELAYU,Laki-Laki,28,MATI LUAR TAHUN INI
2023,KOTA ADM. JAKARTA TIMUR,JATINEGARA,BIDARA CINA,Laki-Laki,107,MATI LUAR TAHUN INI
2023,KOTA ADM. JAKARTA TIMUR,JATINEGARA,BALI MESTER,Laki-Laki,16,MATI LUAR TAHUN INI
2023,KOTA ADM. JAKARTA TIMUR,JATINEGARA,RAWA BUNGA,Laki-Laki,39,MATI LUAR TAHUN INI
2023,KOTA ADM. JAKARTA TIMUR,JATINEGARA,CIPINANG CEMPEDAK,Laki-Laki,104,MATI LUAR TAHUN INI
2023,KOTA ADM. JAKARTA TIMUR,JATINEGARA,CIPINANG MUARA,Laki-Laki,106,MATI LUAR TAHUN INI
2023,KOTA ADM. JAKARTA TIMUR,JATINEGARA,CIPINANG BESAR SELATAN,Laki-Laki,88,MATI LUAR TAHUN INI
2023,KOTA ADM. JAKARTA TIMUR,JATINEGARA,CIPINANG BESAR UTARA,Laki-Laki,60,MATI LUAR TAHUN INI
2023,KOTA ADM. JAKARTA TIMUR,KRAMATJATI,KRAMATJATI,Laki-Laki,76,MATI LUAR TAHUN INI
2023,KOTA ADM. JAKARTA TIMUR,KRAMATJATI,TENGAH,Laki-Laki,106,MATI LUAR TAHUN INI
2023,KOTA ADM. JAKARTA TIMUR,KRAMATJATI,DUKUH,Laki-Laki,61,MATI LUAR TAHUN INI
2023,KOTA ADM. JAKARTA TIMUR,KRAMATJATI,BATU AMPAR,Laki-Laki,109,MATI LUAR TAHUN INI
2023,KOTA ADM. JAKARTA TIMUR,KRAMATJATI,BALEKAMBANG,Laki-Laki,45,MATI LUAR TAHUN INI
2023,KOTA ADM. JAKARTA TIMUR,KRAMATJATI,CILILITAN,Laki-Laki,81,MATI LUAR TAHUN INI
2023,KOTA ADM. JAKARTA TIMUR,KRAMATJATI,CAWANG,Laki-Laki,45,MATI LUAR TAHUN INI
2023,KOTA ADM. JAKARTA TIMUR,PASAR REBO,GEDONG,Laki-Laki,83,MATI LUAR TAHUN INI
2023,KOTA ADM. JAKARTA TIMUR,PASAR REBO,BARU,Laki-Laki,62,MATI LUAR TAHUN INI
2023,KOTA ADM. JAKARTA TIMUR,PASAR REBO,CIJANTUNG,Laki-Laki,98,MATI LUAR TAHUN INI
2023,KOTA ADM. JAKARTA TIMUR,PASAR REBO,KALISARI,Laki-Laki,61,MATI LUAR TAHUN INI
2023,KOTA ADM. JAKARTA TIMUR,PASAR REBO,PEKAYON,Laki-Laki,55,MATI LUAR TAHUN INI
2023,KOTA ADM. JAKARTA TIMUR,CAKUNG,JATINEGARA,Laki-Laki,174,MATI LUAR TAHUN INI
2023,KOTA ADM. JAKARTA TIMUR,CAKUNG,RAWA TERATE,Laki-Laki,56,MATI LUAR TAHUN INI
2023,KOTA ADM. JAKARTA TIMUR,CAKUNG,PENGGILINGAN,Laki-Laki,236,MATI LUAR TAHUN INI
2023,KOTA ADM. JAKARTA TIMUR,CAKUNG,CAKUNG TIMUR,Laki-Laki,114,MATI LUAR TAHUN INI
2023,KOTA ADM. JAKARTA TIMUR,CAKUNG,PULO GEBANG,Laki-Laki,211,MATI LUAR TAHUN INI
2023,KOTA ADM. JAKARTA TIMUR,CAKUNG,UJUNG MENTENG,Laki-Laki,58,MATI LUAR TAHUN INI
2023,KOTA ADM. JAKARTA TIMUR,CAKUNG,CAKUNG BARAT,Laki-Laki,93,MATI LUAR TAHUN INI
2023,KOTA ADM. JAKARTA TIMUR,DUREN SAWIT,DUREN SAWIT,Laki-Laki,125,MATI LUAR TAHUN INI
2023,KOTA ADM. JAKARTA TIMUR,DUREN SAWIT,PONDOK BAMBU,Laki-Laki,140,MATI LUAR TAHUN INI
2023,KOTA ADM. JAKARTA TIMUR,DUREN SAWIT,KLENDER,Laki-Laki,180,MATI LUAR TAHUN INI
2023,KOTA ADM. JAKARTA TIMUR,DUREN SAWIT,PONDOK KELAPA,Laki-Laki,135,MATI LUAR TAHUN INI
2023,KOTA ADM. JAKARTA TIMUR,DUREN SAWIT,MALAKA SARI,Laki-Laki,85,MATI LUAR TAHUN INI
2023,KOTA ADM. JAKARTA TIMUR,DUREN SAWIT,MALAKA JAYA,Laki-Laki,86,MATI LUAR TAHUN INI
2023,KOTA ADM. JAKARTA TIMUR,DUREN SAWIT,PONDOK KOPI,Laki-Laki,90,MATI LUAR TAHUN INI
2023,KOTA ADM. JAKARTA TIMUR,MAKASAR,MAKASAR,Laki-Laki,57,MATI LUAR TAHUN INI
2023,KOTA ADM. JAKARTA TIMUR,MAKASAR,PINANGRANTI,Laki-Laki,55,MATI LUAR TAHUN INI
2023,KOTA ADM. JAKARTA TIMUR,MAKASAR,KEBON PALA,Laki-Laki,80,MATI LUAR TAHUN INI
2023,KOTA ADM. JAKARTA TIMUR,MAKASAR,HALIM PERDANA KUSUMA,Laki-Laki,55,MATI LUAR TAHUN INI
2023,KOTA ADM. JAKARTA TIMUR,MAKASAR,CIPINANG MELAYU,Laki-Laki,95,MATI LUAR TAHUN INI
2023,KOTA ADM. JAKARTA TIMUR,CIRACAS,CIRACAS,Laki-Laki,181,MATI LUAR TAHUN INI
2023,KOTA ADM. JAKARTA TIMUR,CIRACAS,CIBUBUR,Laki-Laki,97,MATI LUAR TAHUN INI
2023,KOTA ADM. JAKARTA TIMUR,CIRACAS,KELAPA DUA WETAN,Laki-Laki,101,MATI LUAR TAHUN INI
2023,KOTA ADM. JAKARTA TIMUR,CIRACAS,SUSUKAN,Laki-Laki,75,MATI LUAR TAHUN INI
2023,KOTA ADM. JAKARTA TIMUR,CIRACAS,RAMBUTAN,Laki-Laki,77,MATI LUAR TAHUN INI
2023,KOTA ADM. JAKARTA TIMUR,CIPAYUNG,CIPAYUNG,Laki-Laki,49,MATI LUAR TAHUN INI
2023,KOTA ADM. JAKARTA TIMUR,CIPAYUNG,CILANGKAP,Laki-Laki,54,MATI LUAR TAHUN INI
2023,KOTA ADM. JAKARTA TIMUR,CIPAYUNG,PONDOK RANGGON,Laki-Laki,52,MATI LUAR TAHUN INI
2023,KOTA ADM. JAKARTA TIMUR,CIPAYUNG,MUNJUL,Laki-Laki,36,MATI LUAR TAHUN INI
2023,KOTA ADM. JAKARTA TIMUR,CIPAYUNG,SETU,Laki-Laki,42,MATI LUAR TAHUN INI
2023,KOTA ADM. JAKARTA TIMUR,CIPAYUNG,BAMBU APUS,Laki-Laki,46,MATI LUAR TAHUN INI
2023,KOTA ADM. JAKARTA TIMUR,CIPAYUNG,LUBANG BUAYA,Laki-Laki,215,MATI LUAR TAHUN INI
2023,KOTA ADM. JAKARTA TIMUR,CIPAYUNG,CEGER,Laki-Laki,21,MATI LUAR TAHUN INI
2023,KOTA ADM. JAKARTA UTARA,PENJARINGAN,PENJARINGAN,Laki-Laki,134,MATI LUAR TAHUN INI
2023,KOTA ADM. JAKARTA UTARA,PENJARINGAN,KAMAL MUARA,Laki-Laki,10,MATI LUAR TAHUN INI
2023,KOTA ADM. JAKARTA UTARA,PENJARINGAN,KAPUK MUARA,Laki-Laki,24,MATI LUAR TAHUN INI
2023,KOTA ADM. JAKARTA UTARA,PENJARINGAN,PEJAGALAN,Laki-Laki,59,MATI LUAR TAHUN INI
2023,KOTA ADM. JAKARTA UTARA,PENJARINGAN,PLUIT,Laki-Laki,34,MATI LUAR TAHUN INI
2023,KOTA ADM. JAKARTA UTARA,TANJUNG PRIOK,TANJUNG PRIOK,Laki-Laki,98,MATI LUAR TAHUN INI
2023,KOTA ADM. JAKARTA UTARA,TANJUNG PRIOK,SUNTER JAYA,Laki-Laki,130,MATI LUAR TAHUN INI
2023,KOTA ADM. JAKARTA UTARA,TANJUNG PRIOK,PAPANGGO,Laki-Laki,115,MATI LUAR TAHUN INI
2023,KOTA ADM. JAKARTA UTARA,TANJUNG PRIOK,SUNGAI BAMBU,Laki-Laki,75,MATI LUAR TAHUN INI
2023,KOTA ADM. JAKARTA UTARA,TANJUNG PRIOK,KEBON BAWANG,Laki-Laki,102,MATI LUAR TAHUN INI
2023,KOTA ADM. JAKARTA UTARA,TANJUNG PRIOK,SUNTER AGUNG,Laki-Laki,107,MATI LUAR TAHUN INI
2023,KOTA ADM. JAKARTA UTARA,TANJUNG PRIOK,WARAKAS,Laki-Laki,117,MATI LUAR TAHUN INI
2023,KOTA ADM. JAKARTA UTARA,KOJA,KOJA,Laki-Laki,66,MATI LUAR TAHUN INI
2023,KOTA ADM. JAKARTA UTARA,KOJA,TUGU UTARA,Laki-Laki,147,MATI LUAR TAHUN INI
2023,KOTA ADM. JAKARTA UTARA,KOJA,LAGOA,Laki-Laki,133,MATI LUAR TAHUN INI
2023,KOTA ADM. JAKARTA UTARA,KOJA,RAWA BADAK UTARA,Laki-Laki,80,MATI LUAR TAHUN INI
2023,KOTA ADM. JAKARTA UTARA,KOJA,TUGU SELATAN,Laki-Laki,60,MATI LUAR TAHUN INI
2023,KOTA ADM. JAKARTA UTARA,KOJA,RAWA BADAK SELATAN,Laki-Laki,96,MATI LUAR TAHUN INI
2023,KOTA ADM. JAKARTA UTARA,CILINCING,CILINCING,Laki-Laki,78,MATI LUAR TAHUN INI
2023,KOTA ADM. JAKARTA UTARA,CILINCING,SUKAPURA,Laki-Laki,133,MATI LUAR TAHUN INI
2023,KOTA ADM. JAKARTA UTARA,CILINCING,MARUNDA,Laki-Laki,55,MATI LUAR TAHUN INI
2023,KOTA ADM. JAKARTA UTARA,CILINCING,KALIBARU,Laki-Laki,85,MATI LUAR TAHUN INI
2023,KOTA ADM. JAKARTA UTARA,CILINCING,SEMPER TIMUR,Laki-Laki,66,MATI LUAR TAHUN INI
2023,KOTA ADM. JAKARTA UTARA,CILINCING,ROROTAN,Laki-Laki,63,MATI LUAR TAHUN INI
2023,KOTA ADM. JAKARTA UTARA,CILINCING,SEMPER BARAT,Laki-Laki,139,MATI LUAR TAHUN INI
2023,KOTA ADM. JAKARTA UTARA,PADEMANGAN,PADEMANGAN TIMUR,Laki-Laki,74,MATI LUAR TAHUN INI
2023,KOTA ADM. JAKARTA UTARA,PADEMANGAN,PADEMANGAN BARAT,Laki-Laki,171,MATI LUAR TAHUN INI
2023,KOTA ADM. JAKARTA UTARA,PADEMANGAN,ANCOL,Laki-Laki,36,MATI LUAR TAHUN INI
2023,KOTA ADM. JAKARTA UTARA,KELAPA GADING,KELAPA GADING TIMUR,Laki-Laki,32,MATI LUAR TAHUN INI
2023,KOTA ADM. JAKARTA UTARA,KELAPA GADING,PEGANGSAAN DUA,Laki-Laki,58,MATI LUAR TAHUN INI
2023,KOTA ADM. JAKARTA UTARA,KELAPA GADING,KELAPA GADING BARAT,Laki-Laki,76,MATI LUAR TAHUN INI
2023,KOTA ADM. JAKARTA BARAT,CENGKARENG,CENGKARENG BARAT,Laki-Laki,96,MATI LUAR TAHUN INI
2023,KOTA ADM. JAKARTA BARAT,CENGKARENG,DURI KOSAMBI,Laki-Laki,161,MATI LUAR TAHUN INI
2023,KOTA ADM. JAKARTA BARAT,CENGKARENG,RAWA BUAYA,Laki-Laki,98,MATI LUAR TAHUN INI
2023,KOTA ADM. JAKARTA BARAT,CENGKARENG,KEDAUNG KALI ANGKE,Laki-Laki,59,MATI LUAR TAHUN INI
2023,KOTA ADM. JAKARTA BARAT,CENGKARENG,KAPUK,Laki-Laki,260,MATI LUAR TAHUN INI
2023,KOTA ADM. JAKARTA BARAT,CENGKARENG,CENGKARENG TIMUR,Laki-Laki,119,MATI LUAR TAHUN INI
2023,KOTA ADM. JAKARTA BARAT,GROGOL PETAMBURAN,GROGOL,Laki-Laki,29,MATI LUAR TAHUN INI
2023,KOTA ADM. JAKARTA BARAT,GROGOL PETAMBURAN,TANJUNG DUREN UTARA,Laki-Laki,18,MATI LUAR TAHUN INI
2023,KOTA ADM. JAKARTA BARAT,GROGOL PETAMBURAN,TOMANG,Laki-Laki,44,MATI LUAR TAHUN INI
2023,KOTA ADM. JAKARTA BARAT,GROGOL PETAMBURAN,JELAMBAR,Laki-Laki,55,MATI LUAR TAHUN INI
2023,KOTA ADM. JAKARTA BARAT,GROGOL PETAMBURAN,TANJUNG DUREN SELATAN,Laki-Laki,33,MATI LUAR TAHUN INI
2023,KOTA ADM. JAKARTA BARAT,GROGOL PETAMBURAN,JELAMBAR BARU,Laki-Laki,39,MATI LUAR TAHUN INI
2023,KOTA ADM. JAKARTA TIMUR,CIPAYUNG,SETU,Perempuan,26,MATI LUAR TAHUN INI
2023,KOTA ADM. JAKARTA TIMUR,CIPAYUNG,BAMBU APUS,Perempuan,44,MATI LUAR TAHUN INI
2023,KOTA ADM. JAKARTA TIMUR,CIPAYUNG,LUBANG BUAYA,Perempuan,135,MATI LUAR TAHUN INI
2023,KOTA ADM. JAKARTA TIMUR,CIPAYUNG,CEGER,Perempuan,19,MATI LUAR TAHUN INI
2023,KOTA ADM. JAKARTA BARAT,GROGOL PETAMBURAN,TANJUNG DUREN UTARA,Perempuan,11,MATI LUAR TAHUN INI
2023,KOTA ADM. JAKARTA BARAT,GROGOL PETAMBURAN,TOMANG,Perempuan,44,MATI LUAR TAHUN INI
2023,KOTA ADM. JAKARTA BARAT,GROGOL PETAMBURAN,JELAMBAR,Perempuan,33,MATI LUAR TAHUN INI
2023,KOTA ADM. JAKARTA BARAT,GROGOL PETAMBURAN,TANJUNG DUREN SELATAN,Perempuan,22,MATI LUAR TAHUN INI
2023,KOTA ADM. JAKARTA BARAT,GROGOL PETAMBURAN,JELAMBAR BARU,Perempuan,37,MATI LUAR TAHUN INI
2023,KOTA ADM. JAKARTA BARAT,GROGOL PETAMBURAN,WIJAYA KUSUMA,Perempuan,32,MATI LUAR TAHUN INI
2023,KOTA ADM. JAKARTA BARAT,TAMAN SARI,TAMAN SARI,Perempuan,15,MATI LUAR TAHUN INI
2023,KOTA ADM. JAKARTA BARAT,TAMAN SARI,KRUKUT,Perempuan,23,MATI LUAR TAHUN INI
2023,KOTA ADM. JAKARTA BARAT,TAMAN SARI,MAPHAR,Perempuan,10,MATI LUAR TAHUN INI
2023,KOTA ADM. JAKARTA BARAT,TAMAN SARI,TANGKI,Perempuan,6,MATI LUAR TAHUN INI
2023,KOTA ADM. JAKARTA BARAT,TAMAN SARI,MANGGA BESAR,Perempuan,10,MATI LUAR TAHUN INI
2023,KOTA ADM. JAKARTA BARAT,TAMAN SARI,KEAGUNGAN,Perempuan,21,MATI LUAR TAHUN INI
2023,KOTA ADM. JAKARTA BARAT,TAMAN SARI,GLODOK,Perempuan,7,MATI LUAR TAHUN INI
2023,KOTA ADM. JAKARTA BARAT,TAMAN SARI,PINANGSIA,Perempuan,10,MATI LUAR TAHUN INI
2023,KOTA ADM. JAKARTA BARAT,TAMBORA,TAMBORA,Perempuan,10,MATI LUAR TAHUN INI
2023,KOTA ADM. JAKARTA BARAT,TAMBORA,KALI ANYAR,Perempuan,27,MATI LUAR TAHUN INI
2023,KOTA ADM. JAKARTA BARAT,TAMBORA,DURI UTARA,Perempuan,21,MATI LUAR TAHUN INI
2023,KOTA ADM. JAKARTA BARAT,TAMBORA,TANAH SEREAL,Perempuan,38,MATI LUAR TAHUN INI
2023,KOTA ADM. JAKARTA BARAT,TAMBORA,KRENDANG,Perempuan,17,MATI LUAR TAHUN INI
2023,KOTA ADM. JAKARTA BARAT,TAMBORA,JEMBATAN BESI,Perempuan,42,MATI LUAR TAHUN INI
2023,KOTA ADM. JAKARTA BARAT,TAMBORA,ANGKE,Perempuan,34,MATI LUAR TAHUN INI
2023,KOTA ADM. JAKARTA BARAT,TAMBORA,JEMBATAN LIMA,Perempuan,32,MATI LUAR TAHUN INI
2023,KOTA ADM. JAKARTA BARAT,TAMBORA,PEKOJAN,Perempuan,29,MATI LUAR TAHUN INI
2023,KOTA ADM. JAKARTA BARAT,TAMBORA,ROA MALAKA,Perempuan,4,MATI LUAR TAHUN INI
2023,KOTA ADM. JAKARTA BARAT,TAMBORA,DURI SELATAN,Perempuan,9,MATI LUAR TAHUN INI
2023,KOTA ADM. JAKARTA BARAT,KEBON JERUK,KEBON JERUK,Perempuan,62,MATI LUAR TAHUN INI
2023,KOTA ADM. JAKARTA BARAT,KEBON JERUK,SUKABUMI UTARA,Perempuan,62,MATI LUAR TAHUN INI
2023,KOTA ADM. JAKARTA BARAT,KEBON JERUK,SUKABUMI SELATAN,Perempuan,52,MATI LUAR TAHUN INI
2023,KOTA ADM. JAKARTA BARAT,KEBON JERUK,KELAPA DUA,Perempuan,42,MATI LUAR TAHUN INI
2023,KOTA ADM. JAKARTA BARAT,KEBON JERUK,DURI KEPA,Perempuan,43,MATI LUAR TAHUN INI
2023,KOTA ADM. JAKARTA BARAT,KEBON JERUK,KEDOYA UTARA,Perempuan,45,MATI LUAR TAHUN INI
2023,KOTA ADM. JAKARTA BARAT,KEBON JERUK,KEDOYA SELATAN,Perempuan,39,MATI LUAR TAHUN INI
2023,KOTA ADM. JAKARTA BARAT,KALIDERES,KALIDERES,Perempuan,86,MATI LUAR TAHUN INI
2023,KOTA ADM. JAKARTA BARAT,KALIDERES,SEMANAN,Perempuan,56,MATI LUAR TAHUN INI
2023,KOTA ADM. JAKARTA BARAT,KALIDERES,TEGAL ALUR,Perempuan,105,MATI LUAR TAHUN INI
2023,KOTA ADM. JAKARTA BARAT,KALIDERES,KAMAL,Perempuan,69,MATI LUAR TAHUN INI
2023,KOTA ADM. JAKARTA BARAT,KALIDERES,PEGADUNGAN,Perempuan,65,MATI LUAR TAHUN INI
2023,KOTA ADM. JAKARTA BARAT,PAL MERAH,PALMERAH,Perempuan,69,MATI LUAR TAHUN INI
2023,KOTA ADM. JAKARTA BARAT,PAL MERAH,SLIPI,Perempuan,18,MATI LUAR TAHUN INI
2023,KOTA ADM. JAKARTA BARAT,PAL MERAH,KOTA BAMBU UTARA,Perempuan,37,MATI LUAR TAHUN INI
2023,KOTA ADM. JAKARTA BARAT,PAL MERAH,JATIPULO,Perempuan,32,MATI LUAR TAHUN INI
2023,KOTA ADM. JAKARTA BARAT,PAL MERAH,KEMANGGISAN,Perempuan,54,MATI LUAR TAHUN INI
2023,KOTA ADM. JAKARTA BARAT,PAL MERAH,KOTA BAMBU SELATAN,Perempuan,25,MATI LUAR TAHUN INI
2023,KOTA ADM. JAKARTA BARAT,KEMBANGAN,KEMBANGAN UTARA,Perempuan,74,MATI LUAR TAHUN INI
2023,KOTA ADM. JAKARTA BARAT,KEMBANGAN,MERUYA UTARA,Perempuan,47,MATI LUAR TAHUN INI
2023,KOTA ADM. JAKARTA BARAT,KEMBANGAN,MERUYA SELATAN,Perempuan,41,MATI LUAR TAHUN INI
2023,KOTA ADM. JAKARTA BARAT,KEMBANGAN,SRENGSENG,Perempuan,56,MATI LUAR TAHUN INI
2023,KOTA ADM. JAKARTA BARAT,KEMBANGAN,JOGLO,Perempuan,56,MATI LUAR TAHUN INI
2023,KOTA ADM. JAKARTA BARAT,KEMBANGAN,KEMBANGAN SELATAN,Perempuan,39,MATI LUAR TAHUN INI
2023,KOTA ADM. JAKARTA SELATAN,TEBET,TEBET TIMUR,Perempuan,41,MATI LUAR TAHUN INI
2023,KOTA ADM. JAKARTA SELATAN,TEBET,TEBET BARAT,Perempuan,23,MATI LUAR TAHUN INI
2023,KOTA ADM. JAKARTA SELATAN,TEBET,MENTENG DALAM,Perempuan,74,MATI LUAR TAHUN INI
2023,KOTA ADM. JAKARTA SELATAN,TEBET,KEBON BARU,Perempuan,50,MATI LUAR TAHUN INI
2023,KOTA ADM. JAKARTA SELATAN,TEBET,BUKIT DURI,Perempuan,40,MATI LUAR TAHUN INI
2023,KOTA ADM. JAKARTA SELATAN,TEBET,MANGGARAI SELATAN,Perempuan,37,MATI LUAR TAHUN INI
2023,KOTA ADM. JAKARTA SELATAN,TEBET,MANGGARAI,Perempuan,30,MATI LUAR TAHUN INI
2023,KOTA ADM. JAKARTA SELATAN,SETIABUDI,SETIA BUDI,Perempuan,6,MATI LUAR TAHUN INI
2023,KOTA ADM. JAKARTA SELATAN,SETIABUDI,KARET SEMANGGI,Perempuan,3,MATI LUAR TAHUN INI
2023,KOTA ADM. JAKARTA SELATAN,SETIABUDI,KARET KUNINGAN,Perempuan,25,MATI LUAR TAHUN INI
2023,KOTA ADM. JAKARTA SELATAN,SETIABUDI,KARET,Perempuan,20,MATI LUAR TAHUN INI
2023,KOTA ADM. JAKARTA SELATAN,SETIABUDI,MENTENG ATAS,Perempuan,55,MATI LUAR TAHUN INI
2023,KOTA ADM. JAKARTA SELATAN,SETIABUDI,PASAR MANGGIS,Perempuan,68,MATI LUAR TAHUN INI
2023,KOTA ADM. JAKARTA SELATAN,SETIABUDI,GUNTUR,Perempuan,11,MATI LUAR TAHUN INI
2023,KOTA ADM. JAKARTA SELATAN,SETIABUDI,KUNINGAN TIMUR,Perempuan,13,MATI LUAR TAHUN INI
2023,KOTA ADM. JAKARTA SELATAN,MAMPANG PRAPATAN,MAMPANG PRAPATAN,Perempuan,23,MATI LUAR TAHUN INI
2023,KOTA ADM. JAKARTA SELATAN,MAMPANG PRAPATAN,BANGKA,Perempuan,42,MATI LUAR TAHUN INI
2023,KOTA ADM. JAKARTA SELATAN,MAMPANG PRAPATAN,PELA MAMPANG,Perempuan,85,MATI LUAR TAHUN INI
2023,KOTA ADM. JAKARTA SELATAN,MAMPANG PRAPATAN,TEGAL PARANG,Perempuan,59,MATI LUAR TAHUN INI
2023,KOTA ADM. JAKARTA SELATAN,MAMPANG PRAPATAN,KUNINGAN BARAT,Perempuan,23,MATI LUAR TAHUN INI
2023,KOTA ADM. JAKARTA SELATAN,PASAR MINGGU,PASAR MINGGU,Perempuan,47,MATI LUAR TAHUN INI
2023,KOTA ADM. JAKARTA SELATAN,PASAR MINGGU,JATI PADANG,Perempuan,44,MATI LUAR TAHUN INI
2023,KOTA ADM. JAKARTA SELATAN,PASAR MINGGU,CILANDAK TIMUR,Perempuan,44,MATI LUAR TAHUN INI
2023,KOTA ADM. JAKARTA SELATAN,PASAR MINGGU,RAGUNAN,Perempuan,36,MATI LUAR TAHUN INI
2023,KOTA ADM. JAKARTA SELATAN,PASAR MINGGU,PEJATEN TIMUR,Perempuan,75,MATI LUAR TAHUN INI
2023,KOTA ADM. JAKARTA SELATAN,PASAR MINGGU,PEJATEN BARAT,Perempuan,76,MATI LUAR TAHUN INI
2023,KOTA ADM. JAKARTA SELATAN,PASAR MINGGU,KEBAGUSAN,Perempuan,86,MATI LUAR TAHUN INI
2023,KOTA ADM. JAKARTA SELATAN,KEBAYORAN LAMA,KEBAYORAN LAMA UTARA,Perempuan,66,MATI LUAR TAHUN INI
2023,KOTA ADM. JAKARTA SELATAN,KEBAYORAN LAMA,PONDOK PINANG,Perempuan,85,MATI LUAR TAHUN INI
2023,KOTA ADM. JAKARTA SELATAN,KEBAYORAN LAMA,CIPULIR,Perempuan,65,MATI LUAR TAHUN INI
2023,KOTA ADM. JAKARTA SELATAN,KEBAYORAN LAMA,GROGOL UTARA,Perempuan,59,MATI LUAR TAHUN INI
2023,KOTA ADM. JAKARTA SELATAN,KEBAYORAN LAMA,GROGOL SELATAN,Perempuan,88,MATI LUAR TAHUN INI
2023,KOTA ADM. JAKARTA SELATAN,KEBAYORAN LAMA,KEBAYORAN LAMA SELATAN,Perempuan,78,MATI LUAR TAHUN INI
2023,KOTA ADM. JAKARTA SELATAN,CILANDAK,CILANDAK BARAT,Perempuan,127,MATI LUAR TAHUN INI
2023,KOTA ADM. JAKARTA SELATAN,CILANDAK,LEBAK BULUS,Perempuan,76,MATI LUAR TAHUN INI
2023,KOTA ADM. JAKARTA SELATAN,CILANDAK,PONDOK LABU,Perempuan,119,MATI LUAR TAHUN INI
2023,KOTA ADM. JAKARTA SELATAN,CILANDAK,GANDARIA SELATAN,Perempuan,73,MATI LUAR TAHUN INI
2023,KOTA ADM. JAKARTA SELATAN,CILANDAK,CIPETE SELATAN,Perempuan,71,MATI LUAR TAHUN INI
2023,KOTA ADM. JAKARTA SELATAN,KEBAYORAN BARU,MELAWAI,Perempuan,6,MATI LUAR TAHUN INI
2023,KOTA ADM. JAKARTA SELATAN,KEBAYORAN BARU,GUNUNG,Perempuan,34,MATI LUAR TAHUN INI
2023,KOTA ADM. JAKARTA SELATAN,KEBAYORAN BARU,KRAMAT PELA,Perempuan,26,MATI LUAR TAHUN INI
2023,KOTA ADM. JAKARTA SELATAN,KEBAYORAN BARU,SELONG,Perempuan,5,MATI LUAR TAHUN INI
2023,KOTA ADM. JAKARTA SELATAN,KEBAYORAN BARU,RAWA BARAT,Perempuan,12,MATI LUAR TAHUN INI
2023,KOTA ADM. JAKARTA SELATAN,KEBAYORAN BARU,SENAYAN,Perempuan,8,MATI LUAR TAHUN INI
2023,KOTA ADM. JAKARTA SELATAN,KEBAYORAN BARU,PULO,Perempuan,16,MATI LUAR TAHUN INI
2023,KOTA ADM. JAKARTA SELATAN,KEBAYORAN BARU,PETOGOGAN,Perempuan,20,MATI LUAR TAHUN INI
2023,KOTA ADM. JAKARTA SELATAN,KEBAYORAN BARU,GANDARIA UTARA,Perempuan,90,MATI LUAR TAHUN INI
2023,KOTA ADM. JAKARTA SELATAN,KEBAYORAN BARU,CIPETE UTARA,Perempuan,72,MATI LUAR TAHUN INI
2023,KOTA ADM. JAKARTA SELATAN,PANCORAN,PANCORAN,Perempuan,41,MATI LUAR TAHUN INI
2023,KOTA ADM. JAKARTA SELATAN,PANCORAN,KALIBATA,Perempuan,106,MATI LUAR TAHUN INI
2023,KOTA ADM. JAKARTA SELATAN,PANCORAN,RAWAJATI,Perempuan,24,MATI LUAR TAHUN INI
2023,KOTA ADM. JAKARTA SELATAN,PANCORAN,DUREN TIGA,Perempuan,64,MATI LUAR TAHUN INI
2023,KOTA ADM. JAKARTA SELATAN,PANCORAN,PENGADEGAN,Perempuan,40,MATI LUAR TAHUN INI
2023,KOTA ADM. JAKARTA SELATAN,PANCORAN,CIKOKO,Perempuan,10,MATI LUAR TAHUN INI
2023,KOTA ADM. JAKARTA SELATAN,JAGAKARSA,JAGAKARSA,Perempuan,108,MATI LUAR TAHUN INI
2023,KOTA ADM. JAKARTA SELATAN,JAGAKARSA,SRENGSENG SAWAH,Perempuan,89,MATI LUAR TAHUN INI
2023,KOTA ADM. JAKARTA SELATAN,JAGAKARSA,CIGANJUR,Perempuan,69,MATI LUAR TAHUN INI
2023,KOTA ADM. JAKARTA SELATAN,JAGAKARSA,LENTENG AGUNG,Perempuan,79,MATI LUAR TAHUN INI
2023,KOTA ADM. JAKARTA SELATAN,JAGAKARSA,TANJUNG BARAT,Perempuan,61,MATI LUAR TAHUN INI
2023,KOTA ADM. JAKARTA SELATAN,JAGAKARSA,CIPEDAK,Perempuan,49,MATI LUAR TAHUN INI
2023,KOTA ADM. JAKARTA SELATAN,PESANGGRAHAN,PESANGGRAHAN,Perempuan,41,MATI LUAR TAHUN INI
2023,KOTA ADM. JAKARTA SELATAN,PESANGGRAHAN,BINTARO,Perempuan,91,MATI LUAR TAHUN INI
2023,KOTA ADM. JAKARTA SELATAN,PESANGGRAHAN,PETUKANGAN UTARA,Perempuan,97,MATI LUAR TAHUN INI
2023,KOTA ADM. JAKARTA SELATAN,PESANGGRAHAN,PETUKANGAN SELATAN,Perempuan,56,MATI LUAR TAHUN INI
2023,KOTA ADM. JAKARTA SELATAN,PESANGGRAHAN,ULUJAMI,Perempuan,70,MATI LUAR TAHUN INI
2023,KOTA ADM. JAKARTA TIMUR,MATRAMAN,PISANGAN BARU,Perempuan,41,MATI LUAR TAHUN INI
2023,KOTA ADM. JAKARTA TIMUR,MATRAMAN,UTAN KAYU UTARA,Perempuan,64,MATI LUAR TAHUN INI
2023,KOTA ADM. JAKARTA TIMUR,MATRAMAN,KAYU MANIS,Perempuan,26,MATI LUAR TAHUN INI
2023,KOTA ADM. JAKARTA TIMUR,MATRAMAN,PALMERIAM,Perempuan,33,MATI LUAR TAHUN INI
2023,KOTA ADM. JAKARTA TIMUR,MATRAMAN,KEBON MANGGIS,Perempuan,21,MATI LUAR TAHUN INI
2023,KOTA ADM. JAKARTA TIMUR,MATRAMAN,UTAN KAYU SELATAN,Perempuan,45,MATI LUAR TAHUN INI
2023,KOTA ADM. JAKARTA TIMUR,PULOGADUNG,PULO GADUNG,Perempuan,74,MATI LUAR TAHUN INI
2023,KOTA ADM. JAKARTA TIMUR,PULOGADUNG,PISANGAN TIMUR,Perempuan,58,MATI LUAR TAHUN INI
2023,KOTA ADM. JAKARTA TIMUR,PULOGADUNG,CIPINANG,Perempuan,77,MATI LUAR TAHUN INI
2023,KOTA ADM. JAKARTA TIMUR,PULOGADUNG,JATINEGARA KAUM,Perempuan,55,MATI LUAR TAHUN INI
2023,KOTA ADM. JAKARTA TIMUR,PULOGADUNG,RAWAMANGUN,Perempuan,69,MATI LUAR TAHUN INI
2023,KOTA ADM. JAKARTA TIMUR,PULOGADUNG,KAYU PUTIH,Perempuan,61,MATI LUAR TAHUN INI
2023,KOTA ADM. JAKARTA TIMUR,PULOGADUNG,JATI,Perempuan,47,MATI LUAR TAHUN INI
2023,KOTA ADM. JAKARTA TIMUR,JATINEGARA,KAMPUNG MELAYU,Perempuan,33,MATI LUAR TAHUN INI
2023,KOTA ADM. JAKARTA TIMUR,JATINEGARA,BIDARA CINA,Perempuan,65,MATI LUAR TAHUN INI
2023,KOTA ADM. JAKARTA TIMUR,JATINEGARA,BALI MESTER,Perempuan,19,MATI LUAR TAHUN INI
2023,KOTA ADM. JAKARTA TIMUR,JATINEGARA,RAWA BUNGA,Perempuan,36,MATI LUAR TAHUN INI
2023,KOTA ADM. JAKARTA TIMUR,JATINEGARA,CIPINANG CEMPEDAK,Perempuan,78,MATI LUAR TAHUN INI
2023,KOTA ADM. JAKARTA TIMUR,JATINEGARA,CIPINANG MUARA,Perempuan,71,MATI LUAR TAHUN INI
2023,KOTA ADM. JAKARTA TIMUR,JATINEGARA,CIPINANG BESAR SELATAN,Perempuan,54,MATI LUAR TAHUN INI
2023,KOTA ADM. JAKARTA TIMUR,JATINEGARA,CIPINANG BESAR UTARA,Perempuan,55,MATI LUAR TAHUN INI
2023,KOTA ADM. JAKARTA TIMUR,KRAMATJATI,KRAMATJATI,Perempuan,46,MATI LUAR TAHUN INI
2023,KOTA ADM. JAKARTA TIMUR,KRAMATJATI,TENGAH,Perempuan,71,MATI LUAR TAHUN INI
2023,KOTA ADM. JAKARTA TIMUR,KRAMATJATI,DUKUH,Perempuan,32,MATI LUAR TAHUN INI
2023,KOTA ADM. JAKARTA TIMUR,KRAMATJATI,BATU AMPAR,Perempuan,77,MATI LUAR TAHUN INI
2023,KOTA ADM. JAKARTA TIMUR,KRAMATJATI,BALEKAMBANG,Perempuan,40,MATI LUAR TAHUN INI
2023,KOTA ADM. JAKARTA TIMUR,KRAMATJATI,CILILITAN,Perempuan,36,MATI LUAR TAHUN INI
2023,KOTA ADM. JAKARTA TIMUR,KRAMATJATI,CAWANG,Perempuan,54,MATI LUAR TAHUN INI
2023,KOTA ADM. JAKARTA TIMUR,PASAR REBO,GEDONG,Perempuan,67,MATI LUAR TAHUN INI
2023,KOTA ADM. JAKARTA TIMUR,PASAR REBO,BARU,Perempuan,20,MATI LUAR TAHUN INI
2023,KOTA ADM. JAKARTA TIMUR,PASAR REBO,CIJANTUNG,Perempuan,72,MATI LUAR TAHUN INI
2023,KOTA ADM. JAKARTA TIMUR,PASAR REBO,KALISARI,Perempuan,47,MATI LUAR TAHUN INI
2023,KOTA ADM. JAKARTA TIMUR,PASAR REBO,PEKAYON,Perempuan,53,MATI LUAR TAHUN INI
2023,KOTA ADM. JAKARTA TIMUR,CAKUNG,JATINEGARA,Perempuan,121,MATI LUAR TAHUN INI
2023,KOTA ADM. JAKARTA TIMUR,CAKUNG,RAWA TERATE,Perempuan,52,MATI LUAR TAHUN INI
2023,KOTA ADM. JAKARTA TIMUR,CAKUNG,PENGGILINGAN,Perempuan,131,MATI LUAR TAHUN INI
2023,KOTA ADM. JAKARTA TIMUR,CAKUNG,CAKUNG TIMUR,Perempuan,97,MATI LUAR TAHUN INI
2023,KOTA ADM. JAKARTA TIMUR,CAKUNG,PULO GEBANG,Perempuan,150,MATI LUAR TAHUN INI
2023,KOTA ADM. JAKARTA TIMUR,CAKUNG,UJUNG MENTENG,Perempuan,32,MATI LUAR TAHUN INI
2023,KOTA ADM. JAKARTA TIMUR,CAKUNG,CAKUNG BARAT,Perempuan,71,MATI LUAR TAHUN INI
2023,KOTA ADM. JAKARTA TIMUR,DUREN SAWIT,DUREN SAWIT,Perempuan,90,MATI LUAR TAHUN INI
2023,KOTA ADM. JAKARTA TIMUR,DUREN SAWIT,PONDOK BAMBU,Perempuan,99,MATI LUAR TAHUN INI
2023,KOTA ADM. JAKARTA TIMUR,DUREN SAWIT,KLENDER,Perempuan,114,MATI LUAR TAHUN INI
2023,KOTA ADM. JAKARTA TIMUR,DUREN SAWIT,PONDOK KELAPA,Perempuan,84,MATI LUAR TAHUN INI
2023,KOTA ADM. JAKARTA TIMUR,DUREN SAWIT,MALAKA SARI,Perempuan,41,MATI LUAR TAHUN INI
2023,KOTA ADM. JAKARTA TIMUR,DUREN SAWIT,MALAKA JAYA,Perempuan,59,MATI LUAR TAHUN INI
2023,KOTA ADM. JAKARTA TIMUR,DUREN SAWIT,PONDOK KOPI,Perempuan,50,MATI LUAR TAHUN INI
2023,KOTA ADM. JAKARTA TIMUR,MAKASAR,MAKASAR,Perempuan,44,MATI LUAR TAHUN INI
2023,KOTA ADM. JAKARTA TIMUR,MAKASAR,PINANGRANTI,Perempuan,46,MATI LUAR TAHUN INI
2023,KOTA ADM. JAKARTA TIMUR,MAKASAR,KEBON PALA,Perempuan,62,MATI LUAR TAHUN INI
2023,KOTA ADM. JAKARTA TIMUR,MAKASAR,HALIM PERDANA KUSUMA,Perempuan,26,MATI LUAR TAHUN INI
2023,KOTA ADM. JAKARTA TIMUR,MAKASAR,CIPINANG MELAYU,Perempuan,50,MATI LUAR TAHUN INI
2023,KOTA ADM. JAKARTA TIMUR,CIRACAS,CIRACAS,Perempuan,91,MATI LUAR TAHUN INI
2023,KOTA ADM. JAKARTA TIMUR,CIRACAS,CIBUBUR,Perempuan,74,MATI LUAR TAHUN INI
2023,KOTA ADM. JAKARTA TIMUR,CIRACAS,KELAPA DUA WETAN,Perempuan,45,MATI LUAR TAHUN INI
2023,KOTA ADM. JAKARTA TIMUR,CIRACAS,SUSUKAN,Perempuan,61,MATI LUAR TAHUN INI
2023,KOTA ADM. JAKARTA TIMUR,CIRACAS,RAMBUTAN,Perempuan,40,MATI LUAR TAHUN INI
2023,KOTA ADM. JAKARTA TIMUR,CIPAYUNG,CIPAYUNG,Perempuan,40,MATI LUAR TAHUN INI
2023,KOTA ADM. JAKARTA TIMUR,CIPAYUNG,CILANGKAP,Perempuan,31,MATI LUAR TAHUN INI
2023,KOTA ADM. JAKARTA TIMUR,CIPAYUNG,PONDOK RANGGON,Perempuan,26,MATI LUAR TAHUN INI
2023,KOTA ADM. JAKARTA TIMUR,CIPAYUNG,MUNJUL,Perempuan,27,MATI LUAR TAHUN INI